embedding_model,index,outcome,outcome_label,r2_index,r2_resid_explained_by_emb,delta_r2,pct_unexplained_var,r2_sequential_combined,n_train,n_test
AlphaEarth Foundations,ReADI,ACCESS2,Lack of health insurance,0.5576,0.2022,0.0894,0.2022,0.647,55348,21979
AlphaEarth Foundations,ReADI,ARTHRITIS,Arthritis,0.0419,0.3471,0.3326,0.3471,0.3745,55348,21979
AlphaEarth Foundations,ReADI,BINGE,Binge drinking,0.1262,-0.0338,0,0,0.1262,55348,21979
AlphaEarth Foundations,ReADI,BPHIGH,High blood pressure,0.1708,0.3895,0.323,0.3895,0.4938,55348,21979
AlphaEarth Foundations,ReADI,BPMED,BP medication use,-0.1291,0.3504,0.3956,0.3504,0.2665,55348,21979
AlphaEarth Foundations,ReADI,CANCER,Cancer (excl. skin),0.0617,0.0485,0.0455,0.0485,0.1072,55348,21979
AlphaEarth Foundations,ReADI,CASTHMA,Current asthma,0.267,0.2593,0.19,0.2593,0.457,55348,21979
AlphaEarth Foundations,ReADI,CHD,Coronary heart disease,0.2748,0.2657,0.1927,0.2657,0.4675,55348,21979
AlphaEarth Foundations,ReADI,CHECKUP,Annual checkup,-0.2235,0.5355,0.6551,0.5355,0.4316,55348,21979
AlphaEarth Foundations,ReADI,CHOLSCREEN,Cholesterol screening,0.3505,0.2971,0.193,0.2971,0.5435,55348,21979
AlphaEarth Foundations,ReADI,COGNITION,Cognitive decline,0.7579,-0.1389,0,0,0.7579,55348,21979
AlphaEarth Foundations,ReADI,COLON_SCREEN,Colorectal cancer screening,0.206,0.4447,0.3531,0.4447,0.5591,60053,21978
AlphaEarth Foundations,ReADI,COPD,COPD,0.4857,0.3242,0.1668,0.3242,0.6525,55348,21979
AlphaEarth Foundations,ReADI,CSMOKING,Current smoking,0.7317,0.1238,0.0332,0.1238,0.7649,55348,21979
AlphaEarth Foundations,ReADI,DENTAL,Dental visit,0.8092,0.1211,0.0231,0.1211,0.8323,60055,21979
AlphaEarth Foundations,ReADI,DEPRESSION,Depression,-0.1154,-0.0541,0,0,-0.1154,55348,21979
AlphaEarth Foundations,ReADI,DIABETES,Diabetes,0.5494,0.0281,0.0127,0.0281,0.5621,55348,21979
AlphaEarth Foundations,ReADI,DISABILITY,Any disability,0.8044,-0.062,0,0,0.8044,55348,21979
AlphaEarth Foundations,ReADI,EMOTIONSPT,Emotional support,0.1235,0.2169,0.1901,0.2169,0.3136,40352,18580
AlphaEarth Foundations,ReADI,FOODINSECU,Food insecurity,0.7393,0.0713,0.0186,0.0713,0.7579,40352,18580
AlphaEarth Foundations,ReADI,FOODSTAMP,Food stamp use,0.7098,-0.0686,0,0,0.7098,40352,18580
AlphaEarth Foundations,ReADI,GHLTH,Fair/poor general health,0.7462,0.0188,0.0048,0.0188,0.751,55348,21979
AlphaEarth Foundations,ReADI,HEARING,Hearing disability,0.1745,0.0623,0.0514,0.0623,0.2259,55348,21979
AlphaEarth Foundations,ReADI,HIGHCHOL,High cholesterol,-0.1119,0.1764,0.1961,0.1764,0.0842,55348,21979
AlphaEarth Foundations,ReADI,HOUSINSECU,Housing insecurity,0.6382,0.0482,0.0174,0.0482,0.6556,40352,18580
AlphaEarth Foundations,ReADI,INDEPLIVE,Independent living difficulty,0.8712,-0.3381,0,0,0.8712,55348,21979
AlphaEarth Foundations,ReADI,LACKTRPT,Lack of transportation,0.7451,0.1417,0.0361,0.1418,0.7812,40352,18580
AlphaEarth Foundations,ReADI,LONELINESS,Loneliness,0.0342,-0.2657,0,0,0.0342,40352,18580
AlphaEarth Foundations,ReADI,LPA,Physical inactivity,0.7617,-0.2339,0,0,0.7617,55348,21979
AlphaEarth Foundations,ReADI,MAMMOUSE,Mammography use,0.3277,0.2614,0.1758,0.2614,0.5035,60024,21970
AlphaEarth Foundations,ReADI,MHLTH,Poor mental health days,0.5987,-0.2772,0,0,0.5987,55348,21979
AlphaEarth Foundations,ReADI,MOBILITY,Mobility disability,0.667,0.0639,0.0213,0.0639,0.6883,55348,21979
AlphaEarth Foundations,ReADI,OBESITY,Obesity,0.4459,0.2155,0.1194,0.2155,0.5653,55348,21979
AlphaEarth Foundations,ReADI,PHLTH,Poor physical health days,0.7445,0.06,0.0153,0.06,0.7598,55348,21979
AlphaEarth Foundations,ReADI,SELFCARE,Self-care disability,0.8035,-0.0806,0,0,0.8035,55348,21979
AlphaEarth Foundations,ReADI,SHUTUTILITY,Utility shutoff,0.7888,0.0449,0.0095,0.0449,0.7983,40352,18580
AlphaEarth Foundations,ReADI,SLEEP,Short sleep duration,0.4753,-0.0749,0,0,0.4753,60055,21979
AlphaEarth Foundations,ReADI,STROKE,Stroke,0.4809,0.1958,0.1016,0.1958,0.5825,55348,21979
AlphaEarth Foundations,ReADI,TEETHLOST,Tooth loss,0.8244,0.0476,0.0083,0.0475,0.8327,60030,21971
AlphaEarth Foundations,ReADI,VISION,Vision disability,0.806,0.1853,0.0359,0.1853,0.8419,55348,21979
AlphaEarth Foundations,SDI,ACCESS2,Lack of health insurance,0.423,0.1406,0.0811,0.1406,0.5041,55348,21979
AlphaEarth Foundations,SDI,ARTHRITIS,Arthritis,-0.0358,0.2642,0.2737,0.2642,0.2379,55348,21979
AlphaEarth Foundations,SDI,BINGE,Binge drinking,0.0367,0.0265,0.0256,0.0265,0.0623,55348,21979
AlphaEarth Foundations,SDI,BPHIGH,High blood pressure,-0.183,0.3914,0.463,0.3914,0.28,55348,21979
AlphaEarth Foundations,SDI,BPMED,BP medication use,-0.0313,0.2842,0.2931,0.2842,0.2618,55348,21979
AlphaEarth Foundations,SDI,CANCER,Cancer (excl. skin),0.3225,-0.2764,0,0,0.3225,55348,21979
AlphaEarth Foundations,SDI,CASTHMA,Current asthma,0.0546,0.298,0.2818,0.298,0.3364,55348,21979
AlphaEarth Foundations,SDI,CHD,Coronary heart disease,-0.0505,0.2295,0.2411,0.2295,0.1906,55348,21979
AlphaEarth Foundations,SDI,CHECKUP,Annual checkup,-0.1169,0.5217,0.5827,0.5217,0.4658,55348,21979
AlphaEarth Foundations,SDI,CHOLSCREEN,Cholesterol screening,0.4879,0.1374,0.0704,0.1374,0.5583,55348,21979
AlphaEarth Foundations,SDI,COGNITION,Cognitive decline,0.6374,0.0994,0.036,0.0994,0.6734,55348,21979
AlphaEarth Foundations,SDI,COLON_SCREEN,Colorectal cancer screening,0.4155,0.2779,0.1625,0.2779,0.578,60053,21978
AlphaEarth Foundations,SDI,COPD,COPD,-0.0046,0.3467,0.3483,0.3467,0.3437,55348,21979
AlphaEarth Foundations,SDI,CSMOKING,Current smoking,0.2417,0.405,0.3071,0.405,0.5488,55348,21979
AlphaEarth Foundations,SDI,DENTAL,Dental visit,0.5597,0.1852,0.0815,0.1852,0.6412,60055,21979
AlphaEarth Foundations,SDI,DEPRESSION,Depression,-0.1372,0.0973,0.1106,0.0973,-0.0266,55348,21979
AlphaEarth Foundations,SDI,DIABETES,Diabetes,0.1556,0.2717,0.2294,0.2717,0.385,55348,21979
AlphaEarth Foundations,SDI,DISABILITY,Any disability,0.426,0.2389,0.1371,0.2389,0.5631,55348,21979
AlphaEarth Foundations,SDI,EMOTIONSPT,Emotional support,0.4135,-0.0516,0,0,0.4135,40352,18580
AlphaEarth Foundations,SDI,FOODINSECU,Food insecurity,0.7241,-0.0113,0,0,0.7241,40352,18580
AlphaEarth Foundations,SDI,FOODSTAMP,Food stamp use,0.7206,0.0041,0.0011,0.0041,0.7217,40352,18580
AlphaEarth Foundations,SDI,GHLTH,Fair/poor general health,0.5841,0.1723,0.0716,0.1723,0.6557,55348,21979
AlphaEarth Foundations,SDI,HEARING,Hearing disability,-0.0966,-0.0209,0,0,-0.0966,55348,21979
AlphaEarth Foundations,SDI,HIGHCHOL,High cholesterol,-0.0719,0.1141,0.1223,0.1141,0.0504,55348,21979
AlphaEarth Foundations,SDI,HOUSINSECU,Housing insecurity,0.6992,-0.0302,0,0,0.6992,40352,18580
AlphaEarth Foundations,SDI,INDEPLIVE,Independent living difficulty,0.5806,0.2504,0.105,0.2504,0.6856,55348,21979
AlphaEarth Foundations,SDI,LACKTRPT,Lack of transportation,0.7407,0.101,0.0262,0.101,0.7669,40352,18580
AlphaEarth Foundations,SDI,LONELINESS,Loneliness,0.3817,-0.666,0,0,0.3817,40352,18580
AlphaEarth Foundations,SDI,LPA,Physical inactivity,0.4075,0.1845,0.1093,0.1845,0.5168,55348,21979
AlphaEarth Foundations,SDI,MAMMOUSE,Mammography use,0.2031,0.2524,0.2011,0.2524,0.4042,60024,21970
AlphaEarth Foundations,SDI,MHLTH,Poor mental health days,0.5132,0.0314,0.0153,0.0314,0.5285,55348,21979
AlphaEarth Foundations,SDI,MOBILITY,Mobility disability,0.2631,0.2847,0.2098,0.2847,0.4729,55348,21979
AlphaEarth Foundations,SDI,OBESITY,Obesity,-0.0931,0.394,0.4307,0.3941,0.3376,55348,21979
AlphaEarth Foundations,SDI,PHLTH,Poor physical health days,0.3652,0.2546,0.1616,0.2546,0.5268,55348,21979
AlphaEarth Foundations,SDI,SELFCARE,Self-care disability,0.4905,0.2722,0.1387,0.2723,0.6292,55348,21979
AlphaEarth Foundations,SDI,SHUTUTILITY,Utility shutoff,0.5544,0.1181,0.0526,0.1181,0.607,40352,18580
AlphaEarth Foundations,SDI,SLEEP,Short sleep duration,0.2265,0.1409,0.109,0.1409,0.3355,60055,21979
AlphaEarth Foundations,SDI,STROKE,Stroke,0.0743,0.3216,0.2977,0.3216,0.372,55348,21979
AlphaEarth Foundations,SDI,TEETHLOST,Tooth loss,0.4346,0.2876,0.1626,0.2875,0.5972,60030,21971
AlphaEarth Foundations,SDI,VISION,Vision disability,0.6189,0.2048,0.078,0.2048,0.6969,55348,21979
AlphaEarth Foundations,SVI,ACCESS2,Lack of health insurance,0.1631,-0.1104,0,0,0.1631,55348,21979
AlphaEarth Foundations,SVI,ARTHRITIS,Arthritis,0.112,0.211,0.1874,0.211,0.2994,55348,21979
AlphaEarth Foundations,SVI,BINGE,Binge drinking,0.0857,-0.0133,0,0,0.0857,55348,21979
AlphaEarth Foundations,SVI,BPHIGH,High blood pressure,-0.1262,0.3078,0.3467,0.3078,0.2205,55348,21979
AlphaEarth Foundations,SVI,BPMED,BP medication use,-0.0227,0.2592,0.2651,0.2592,0.2424,55348,21979
AlphaEarth Foundations,SVI,CANCER,Cancer (excl. skin),0.3567,0.066,0.0424,0.066,0.3991,55348,21979
AlphaEarth Foundations,SVI,CASTHMA,Current asthma,0.0299,0.1765,0.1712,0.1765,0.2011,55348,21979
AlphaEarth Foundations,SVI,CHD,Coronary heart disease,-0.0389,0.161,0.1673,0.161,0.1284,55348,21979
AlphaEarth Foundations,SVI,CHECKUP,Annual checkup,0.053,0.5334,0.5051,0.5334,0.5581,55348,21979
AlphaEarth Foundations,SVI,CHOLSCREEN,Cholesterol screening,0.2794,0.0812,0.0585,0.0812,0.3379,55348,21979
AlphaEarth Foundations,SVI,COGNITION,Cognitive decline,0.3283,0.1322,0.0888,0.1322,0.4171,55348,21979
AlphaEarth Foundations,SVI,COLON_SCREEN,Colorectal cancer screening,0.5691,0.2208,0.0951,0.2208,0.6642,60053,21978
AlphaEarth Foundations,SVI,COPD,COPD,-0.0548,0.2707,0.2855,0.2707,0.2307,55348,21979
AlphaEarth Foundations,SVI,CSMOKING,Current smoking,5e-4,0.3518,0.3517,0.3518,0.3522,55348,21979
AlphaEarth Foundations,SVI,DENTAL,Dental visit,0.2375,0.1099,0.0838,0.1099,0.3213,60055,21979
AlphaEarth Foundations,SVI,DEPRESSION,Depression,-0.1123,-0.0053,0,0,-0.1123,55348,21979
AlphaEarth Foundations,SVI,DIABETES,Diabetes,0.0409,0.2497,0.2394,0.2496,0.2803,55348,21979
AlphaEarth Foundations,SVI,DISABILITY,Any disability,0.2208,0.168,0.1309,0.168,0.3517,55348,21979
AlphaEarth Foundations,SVI,EMOTIONSPT,Emotional support,0.619,0.1426,0.0543,0.1426,0.6733,40352,18580
AlphaEarth Foundations,SVI,FOODINSECU,Food insecurity,0.4196,-0.1176,0,0,0.4196,40352,18580
AlphaEarth Foundations,SVI,FOODSTAMP,Food stamp use,0.3752,0.0148,0.0093,0.0148,0.3845,40352,18580
AlphaEarth Foundations,SVI,GHLTH,Fair/poor general health,0.4389,0.1917,0.1076,0.1917,0.5465,55348,21979
AlphaEarth Foundations,SVI,HEARING,Hearing disability,-0.0532,-0.1404,0,0,-0.0532,55348,21979
AlphaEarth Foundations,SVI,HIGHCHOL,High cholesterol,-0.0974,0.1547,0.1698,0.1547,0.0724,55348,21979
AlphaEarth Foundations,SVI,HOUSINSECU,Housing insecurity,0.4601,-0.1044,0,0,0.4601,40352,18580
AlphaEarth Foundations,SVI,INDEPLIVE,Independent living difficulty,0.2302,0.1769,0.1361,0.1769,0.3663,55348,21979
AlphaEarth Foundations,SVI,LACKTRPT,Lack of transportation,0.3592,-0.2432,0,0,0.3592,40352,18580
AlphaEarth Foundations,SVI,LONELINESS,Loneliness,0.4037,-0.2441,0,0,0.4037,40352,18580
AlphaEarth Foundations,SVI,LPA,Physical inactivity,0.1985,0.2935,0.2353,0.2936,0.4338,55348,21979
AlphaEarth Foundations,SVI,MAMMOUSE,Mammography use,0.1283,0.2258,0.1968,0.2258,0.3251,60024,21970
AlphaEarth Foundations,SVI,MHLTH,Poor mental health days,0.1649,0.1424,0.1189,0.1424,0.2838,55348,21979
AlphaEarth Foundations,SVI,MOBILITY,Mobility disability,0.1283,0.2064,0.18,0.2064,0.3083,55348,21979
AlphaEarth Foundations,SVI,OBESITY,Obesity,-0.2328,0.3058,0.3769,0.3058,0.1441,55348,21979
AlphaEarth Foundations,SVI,PHLTH,Poor physical health days,0.2162,0.2014,0.1579,0.2014,0.3741,55348,21979
AlphaEarth Foundations,SVI,SELFCARE,Self-care disability,0.2197,0.2214,0.1727,0.2214,0.3924,55348,21979
AlphaEarth Foundations,SVI,SHUTUTILITY,Utility shutoff,0.0608,-0.2716,0,0,0.0608,40352,18580
AlphaEarth Foundations,SVI,SLEEP,Short sleep duration,-0.0361,0.2076,0.2151,0.2076,0.179,60055,21979
AlphaEarth Foundations,SVI,STROKE,Stroke,0.0013,0.2352,0.2349,0.2352,0.2362,55348,21979
AlphaEarth Foundations,SVI,TEETHLOST,Tooth loss,0.0607,0.2115,0.1986,0.2115,0.2593,60030,21971
AlphaEarth Foundations,SVI,VISION,Vision disability,0.361,0.1501,0.0959,0.1501,0.4569,55348,21979
Clay-v1.5,ReADI,ACCESS2,Lack of health insurance,0.5469,0.1829,0.0829,0.1829,0.6298,52755,19512
Clay-v1.5,ReADI,ARTHRITIS,Arthritis,0.0677,0.4623,0.431,0.4623,0.4987,52755,19512
Clay-v1.5,ReADI,BINGE,Binge drinking,0.1359,0.0261,0.0226,0.0261,0.1585,52755,19512
Clay-v1.5,ReADI,BPHIGH,High blood pressure,0.2126,0.3431,0.2701,0.3431,0.4827,52755,19512
Clay-v1.5,ReADI,BPMED,BP medication use,-0.0856,0.3066,0.3329,0.3066,0.2473,52755,19512
Clay-v1.5,ReADI,CANCER,Cancer (excl. skin),0.0701,0.4366,0.406,0.4366,0.4761,52755,19512
Clay-v1.5,ReADI,CASTHMA,Current asthma,0.2653,0.1292,0.095,0.1292,0.3603,52755,19512
Clay-v1.5,ReADI,CHD,Coronary heart disease,0.297,0.315,0.2215,0.315,0.5185,52755,19512
Clay-v1.5,ReADI,CHECKUP,Annual checkup,-0.1624,0.3131,0.364,0.3131,0.2016,52755,19512
Clay-v1.5,ReADI,CHOLSCREEN,Cholesterol screening,0.3432,0.2009,0.132,0.2009,0.4752,52755,19512
Clay-v1.5,ReADI,COGNITION,Cognitive decline,0.7632,-0.2149,0,0,0.7632,52755,19512
Clay-v1.5,ReADI,COLON_SCREEN,Colorectal cancer screening,0.2241,0.1649,0.1279,0.1649,0.352,57340,19511
Clay-v1.5,ReADI,COPD,COPD,0.5169,0.359,0.1735,0.359,0.6904,52755,19512
Clay-v1.5,ReADI,CSMOKING,Current smoking,0.7392,0.1367,0.0357,0.1367,0.7749,52755,19512
Clay-v1.5,ReADI,DENTAL,Dental visit,0.8046,-0.4068,0,0,0.8046,57342,19512
Clay-v1.5,ReADI,DEPRESSION,Depression,-0.1284,-0.3364,0,0,-0.1284,52755,19512
Clay-v1.5,ReADI,DIABETES,Diabetes,0.5584,0.1112,0.0491,0.1112,0.6075,52755,19512
Clay-v1.5,ReADI,DISABILITY,Any disability,0.8088,-0.1819,0,0,0.8088,52755,19512
Clay-v1.5,ReADI,EMOTIONSPT,Emotional support,0.1613,0.1198,0.1005,0.1198,0.2618,38866,16138
Clay-v1.5,ReADI,FOODINSECU,Food insecurity,0.7464,0.2924,0.0742,0.2924,0.8206,38866,16138
Clay-v1.5,ReADI,FOODSTAMP,Food stamp use,0.719,0.1827,0.0514,0.1827,0.7704,38866,16138
Clay-v1.5,ReADI,GHLTH,Fair/poor general health,0.7563,0.0035,8e-4,0.0035,0.7571,52755,19512
Clay-v1.5,ReADI,HEARING,Hearing disability,0.1898,0.2984,0.2418,0.2984,0.4316,52755,19512
Clay-v1.5,ReADI,HIGHCHOL,High cholesterol,-0.0915,0.1659,0.181,0.1659,0.0895,52755,19512
Clay-v1.5,ReADI,HOUSINSECU,Housing insecurity,0.6512,0.3049,0.1063,0.3049,0.7575,38866,16138
Clay-v1.5,ReADI,INDEPLIVE,Independent living difficulty,0.8763,-0.1864,0,0,0.8763,52755,19512
Clay-v1.5,ReADI,LACKTRPT,Lack of transportation,0.7511,0.2879,0.0716,0.2878,0.8227,38866,16138
Clay-v1.5,ReADI,LONELINESS,Loneliness,0.0579,0.1312,0.1236,0.1312,0.1815,38866,16138
Clay-v1.5,ReADI,LPA,Physical inactivity,0.7571,-0.0973,0,0,0.7571,52755,19512
Clay-v1.5,ReADI,MAMMOUSE,Mammography use,0.302,0.102,0.0712,0.102,0.3732,57312,19506
Clay-v1.5,ReADI,MHLTH,Poor mental health days,0.6107,-0.1152,0,0,0.6107,52755,19512
Clay-v1.5,ReADI,MOBILITY,Mobility disability,0.6729,0.0603,0.0197,0.0603,0.6926,52755,19512
Clay-v1.5,ReADI,OBESITY,Obesity,0.4572,0.1312,0.0712,0.1312,0.5284,52755,19512
Clay-v1.5,ReADI,PHLTH,Poor physical health days,0.7463,-0.0274,0,0,0.7463,52755,19512
Clay-v1.5,ReADI,SELFCARE,Self-care disability,0.8057,0.0366,0.0071,0.0366,0.8128,52755,19512
Clay-v1.5,ReADI,SHUTUTILITY,Utility shutoff,0.7877,0.0555,0.0118,0.0555,0.7995,38866,16138
Clay-v1.5,ReADI,SLEEP,Short sleep duration,0.472,-0.1674,0,0,0.472,57342,19512
Clay-v1.5,ReADI,STROKE,Stroke,0.5049,0.2089,0.1034,0.2089,0.6083,52755,19512
Clay-v1.5,ReADI,TEETHLOST,Tooth loss,0.8256,0.043,0.0075,0.043,0.8331,57320,19506
Clay-v1.5,ReADI,VISION,Vision disability,0.809,0.1908,0.0364,0.1908,0.8454,52755,19512
Clay-v1.5,SDI,ACCESS2,Lack of health insurance,0.4162,0.1133,0.0661,0.1133,0.4823,52755,19512
Clay-v1.5,SDI,ARTHRITIS,Arthritis,-0.0119,0.3521,0.3563,0.3521,0.3444,52755,19512
Clay-v1.5,SDI,BINGE,Binge drinking,0.0392,0.0805,0.0773,0.0805,0.1165,52755,19512
Clay-v1.5,SDI,BPHIGH,High blood pressure,-0.1337,0.3267,0.3704,0.3267,0.2367,52755,19512
Clay-v1.5,SDI,BPMED,BP medication use,0.0093,0.2166,0.2146,0.2166,0.2239,52755,19512
Clay-v1.5,SDI,CANCER,Cancer (excl. skin),0.3361,0.2779,0.1845,0.2779,0.5206,52755,19512
Clay-v1.5,SDI,CASTHMA,Current asthma,0.0571,0.2022,0.1907,0.2022,0.2478,52755,19512
Clay-v1.5,SDI,CHD,Coronary heart disease,-0.0293,0.3116,0.3207,0.3116,0.2914,52755,19512
Clay-v1.5,SDI,CHECKUP,Annual checkup,-0.0672,0.2505,0.2674,0.2505,0.2002,52755,19512
Clay-v1.5,SDI,CHOLSCREEN,Cholesterol screening,0.4738,0.0857,0.0451,0.0857,0.5189,52755,19512
Clay-v1.5,SDI,COGNITION,Cognitive decline,0.6293,0.1849,0.0686,0.1849,0.6979,52755,19512
Clay-v1.5,SDI,COLON_SCREEN,Colorectal cancer screening,0.4273,0.0998,0.0572,0.0998,0.4845,57340,19511
Clay-v1.5,SDI,COPD,COPD,0.0316,0.3725,0.3607,0.3725,0.3923,52755,19512
Clay-v1.5,SDI,CSMOKING,Current smoking,0.2552,0.3301,0.2459,0.3301,0.5011,52755,19512
Clay-v1.5,SDI,DENTAL,Dental visit,0.5494,0.0393,0.0177,0.0393,0.5671,57342,19512
Clay-v1.5,SDI,DEPRESSION,Depression,-0.1584,-0.2157,0,0,-0.1584,52755,19512
Clay-v1.5,SDI,DIABETES,Diabetes,0.1765,0.2609,0.2148,0.2609,0.3913,52755,19512
Clay-v1.5,SDI,DISABILITY,Any disability,0.4215,0.3218,0.1862,0.3218,0.6077,52755,19512
Clay-v1.5,SDI,EMOTIONSPT,Emotional support,0.4403,-0.0048,0,0,0.4403,38866,16138
Clay-v1.5,SDI,FOODINSECU,Food insecurity,0.7234,0.221,0.0611,0.221,0.7845,38866,16138
Clay-v1.5,SDI,FOODSTAMP,Food stamp use,0.7224,0.1256,0.0349,0.1256,0.7573,38866,16138
Clay-v1.5,SDI,GHLTH,Fair/poor general health,0.5783,0.2749,0.1159,0.2749,0.6942,52755,19512
Clay-v1.5,SDI,HEARING,Hearing disability,-0.0703,0.2594,0.2776,0.2594,0.2073,52755,19512
Clay-v1.5,SDI,HIGHCHOL,High cholesterol,-0.0522,0.0875,0.092,0.0875,0.0398,52755,19512
Clay-v1.5,SDI,HOUSINSECU,Housing insecurity,0.7035,0.2131,0.0632,0.2131,0.7667,38866,16138
Clay-v1.5,SDI,INDEPLIVE,Independent living difficulty,0.5766,0.2868,0.1214,0.2867,0.698,52755,19512
Clay-v1.5,SDI,LACKTRPT,Lack of transportation,0.7405,0.163,0.0423,0.163,0.7828,38866,16138
Clay-v1.5,SDI,LONELINESS,Loneliness,0.3967,-0.0623,0,0,0.3967,38866,16138
Clay-v1.5,SDI,LPA,Physical inactivity,0.4084,0.1966,0.1163,0.1966,0.5247,52755,19512
Clay-v1.5,SDI,MAMMOUSE,Mammography use,0.1816,0.1591,0.1302,0.1592,0.3118,57312,19506
Clay-v1.5,SDI,MHLTH,Poor mental health days,0.5065,0.1159,0.0572,0.1159,0.5637,52755,19512
Clay-v1.5,SDI,MOBILITY,Mobility disability,0.2628,0.3172,0.2339,0.3172,0.4967,52755,19512
Clay-v1.5,SDI,OBESITY,Obesity,-0.069,0.178,0.1903,0.178,0.1213,52755,19512
Clay-v1.5,SDI,PHLTH,Poor physical health days,0.3555,0.2961,0.1908,0.296,0.5463,52755,19512
Clay-v1.5,SDI,SELFCARE,Self-care disability,0.4869,0.2798,0.1436,0.2798,0.6305,52755,19512
Clay-v1.5,SDI,SHUTUTILITY,Utility shutoff,0.5541,0.1179,0.0526,0.1179,0.6067,38866,16138
Clay-v1.5,SDI,SLEEP,Short sleep duration,0.2159,-0.0831,0,0,0.2159,57342,19512
Clay-v1.5,SDI,STROKE,Stroke,0.0999,0.2925,0.2633,0.2925,0.3632,52755,19512
Clay-v1.5,SDI,TEETHLOST,Tooth loss,0.4366,0.2672,0.1506,0.2673,0.5872,57320,19506
Clay-v1.5,SDI,VISION,Vision disability,0.6141,0.2566,0.099,0.2566,0.7131,52755,19512
Clay-v1.5,SVI,ACCESS2,Lack of health insurance,0.1838,-0.2297,0,0,0.1838,52755,19512
Clay-v1.5,SVI,ARTHRITIS,Arthritis,0.1295,0.3024,0.2632,0.3024,0.3927,52755,19512
Clay-v1.5,SVI,BINGE,Binge drinking,0.092,0.0269,0.0244,0.0269,0.1164,52755,19512
Clay-v1.5,SVI,BPHIGH,High blood pressure,-0.0729,0.2361,0.2533,0.2361,0.1804,52755,19512
Clay-v1.5,SVI,BPMED,BP medication use,0.0086,0.2341,0.2321,0.2341,0.2407,52755,19512
Clay-v1.5,SVI,CANCER,Cancer (excl. skin),0.3507,0.2449,0.159,0.2449,0.5097,52755,19512
Clay-v1.5,SVI,CASTHMA,Current asthma,0.0411,0.0928,0.089,0.0928,0.1301,52755,19512
Clay-v1.5,SVI,CHD,Coronary heart disease,-0.0127,0.2512,0.2544,0.2512,0.2417,52755,19512
Clay-v1.5,SVI,CHECKUP,Annual checkup,0.0829,0.1982,0.1818,0.1982,0.2647,52755,19512
Clay-v1.5,SVI,CHOLSCREEN,Cholesterol screening,0.2602,0.1135,0.084,0.1135,0.3442,52755,19512
Clay-v1.5,SVI,COGNITION,Cognitive decline,0.3166,0.1259,0.086,0.1259,0.4026,52755,19512
Clay-v1.5,SVI,COLON_SCREEN,Colorectal cancer screening,0.5632,0.146,0.0638,0.146,0.627,57340,19511
Clay-v1.5,SVI,COPD,COPD,-0.0085,0.2366,0.2386,0.2366,0.2301,52755,19512
Clay-v1.5,SVI,CSMOKING,Current smoking,0.0368,0.17,0.1638,0.17,0.2006,52755,19512
Clay-v1.5,SVI,DENTAL,Dental visit,0.238,-0.2468,0,0,0.238,57342,19512
Clay-v1.5,SVI,DEPRESSION,Depression,-0.1205,-0.384,0,0,-0.1205,52755,19512
Clay-v1.5,SVI,DIABETES,Diabetes,0.0802,0.1708,0.1571,0.1708,0.2373,52755,19512
Clay-v1.5,SVI,DISABILITY,Any disability,0.2226,0.184,0.1431,0.1841,0.3657,52755,19512
Clay-v1.5,SVI,EMOTIONSPT,Emotional support,0.6176,0.0317,0.0121,0.0317,0.6297,38866,16138
Clay-v1.5,SVI,FOODINSECU,Food insecurity,0.4122,-0.0337,0,0,0.4122,38866,16138
Clay-v1.5,SVI,FOODSTAMP,Food stamp use,0.3738,0.0696,0.0436,0.0696,0.4174,38866,16138
Clay-v1.5,SVI,GHLTH,Fair/poor general health,0.4242,0.1669,0.0961,0.1669,0.5203,52755,19512
Clay-v1.5,SVI,HEARING,Hearing disability,-0.0271,0.2356,0.2419,0.2356,0.2148,52755,19512
Clay-v1.5,SVI,HIGHCHOL,High cholesterol,-0.0844,0.1206,0.1307,0.1205,0.0463,52755,19512
Clay-v1.5,SVI,HOUSINSECU,Housing insecurity,0.4436,-0.0554,0,0,0.4436,38866,16138
Clay-v1.5,SVI,INDEPLIVE,Independent living difficulty,0.2344,0.11,0.0842,0.11,0.3186,52755,19512
Clay-v1.5,SVI,LACKTRPT,Lack of transportation,0.3547,-0.0097,0,0,0.3547,38866,16138
Clay-v1.5,SVI,LONELINESS,Loneliness,0.4017,0.0889,0.0532,0.0889,0.4549,38866,16138
Clay-v1.5,SVI,LPA,Physical inactivity,0.2142,0.0469,0.0369,0.0469,0.2511,52755,19512
Clay-v1.5,SVI,MAMMOUSE,Mammography use,0.1191,0.1281,0.1128,0.128,0.2319,57312,19506
Clay-v1.5,SVI,MHLTH,Poor mental health days,0.1608,0.1364,0.1145,0.1364,0.2753,52755,19512
Clay-v1.5,SVI,MOBILITY,Mobility disability,0.1375,0.1936,0.167,0.1937,0.3045,52755,19512
Clay-v1.5,SVI,OBESITY,Obesity,-0.1805,8e-4,0.001,8e-4,-0.1795,52755,19512
Clay-v1.5,SVI,PHLTH,Poor physical health days,0.212,0.1781,0.1404,0.1781,0.3524,52755,19512
Clay-v1.5,SVI,SELFCARE,Self-care disability,0.2263,0.1046,0.0809,0.1046,0.3072,52755,19512
Clay-v1.5,SVI,SHUTUTILITY,Utility shutoff,0.089,-0.0841,0,0,0.089,38866,16138
Clay-v1.5,SVI,SLEEP,Short sleep duration,-0.0469,-0.154,0,0,-0.0469,57342,19512
Clay-v1.5,SVI,STROKE,Stroke,0.0379,0.1772,0.1705,0.1772,0.2084,52755,19512
Clay-v1.5,SVI,TEETHLOST,Tooth loss,0.0872,0.0593,0.0541,0.0593,0.1413,57320,19506
Clay-v1.5,SVI,VISION,Vision disability,0.3556,0.0319,0.0206,0.0319,0.3762,52755,19512
OlmoEarth-1.2 Base,ReADI,ACCESS2,Lack of health insurance,0.5564,-0.369,0,0,0.5564,54519,21672
OlmoEarth-1.2 Base,ReADI,ARTHRITIS,Arthritis,0.0474,0.5135,0.4891,0.5135,0.5365,54519,21672
OlmoEarth-1.2 Base,ReADI,BINGE,Binge drinking,0.1255,0.1238,0.1083,0.1238,0.2338,54519,21672
OlmoEarth-1.2 Base,ReADI,BPHIGH,High blood pressure,0.1779,0.4434,0.3645,0.4434,0.5424,54519,21672
OlmoEarth-1.2 Base,ReADI,BPMED,BP medication use,-0.1216,0.4088,0.4585,0.4088,0.3369,54519,21672
OlmoEarth-1.2 Base,ReADI,CANCER,Cancer (excl. skin),0.0658,0.4472,0.4178,0.4473,0.4836,54519,21672
OlmoEarth-1.2 Base,ReADI,CASTHMA,Current asthma,0.2682,0.3923,0.2871,0.3923,0.5553,54519,21672
OlmoEarth-1.2 Base,ReADI,CHD,Coronary heart disease,0.2783,0.3651,0.2635,0.3651,0.5418,54519,21672
OlmoEarth-1.2 Base,ReADI,CHECKUP,Annual checkup,-0.2117,0.4889,0.5923,0.4888,0.3806,54519,21672
OlmoEarth-1.2 Base,ReADI,CHOLSCREEN,Cholesterol screening,0.3546,0.3057,0.1973,0.3057,0.5519,54519,21672
OlmoEarth-1.2 Base,ReADI,COGNITION,Cognitive decline,0.7592,-0.0113,0,0,0.7592,54519,21672
OlmoEarth-1.2 Base,ReADI,COLON_SCREEN,Colorectal cancer screening,0.21,0.4611,0.3643,0.4611,0.5743,59103,21671
OlmoEarth-1.2 Base,ReADI,COPD,COPD,0.4925,0.4045,0.2053,0.4045,0.6978,54519,21672
OlmoEarth-1.2 Base,ReADI,CSMOKING,Current smoking,0.7358,0.2168,0.0573,0.2169,0.7931,54519,21672
OlmoEarth-1.2 Base,ReADI,DENTAL,Dental visit,0.8091,-0.0031,0,0,0.8091,59105,21672
OlmoEarth-1.2 Base,ReADI,DEPRESSION,Depression,-0.1154,-0.0355,0,0,-0.1154,54519,21672
OlmoEarth-1.2 Base,ReADI,DIABETES,Diabetes,0.5521,0.2282,0.1022,0.2282,0.6543,54519,21672
OlmoEarth-1.2 Base,ReADI,DISABILITY,Any disability,0.8041,0.0071,0.0014,0.0071,0.8055,54519,21672
OlmoEarth-1.2 Base,ReADI,EMOTIONSPT,Emotional support,0.1307,0.2855,0.2482,0.2855,0.3789,39650,18298
OlmoEarth-1.2 Base,ReADI,FOODINSECU,Food insecurity,0.7415,0.3148,0.0814,0.3149,0.8229,39650,18298
OlmoEarth-1.2 Base,ReADI,FOODSTAMP,Food stamp use,0.7121,-0.0069,0,0,0.7121,39650,18298
OlmoEarth-1.2 Base,ReADI,GHLTH,Fair/poor general health,0.7471,0.2004,0.0507,0.2005,0.7978,54519,21672
OlmoEarth-1.2 Base,ReADI,HEARING,Hearing disability,0.1772,0.2746,0.226,0.2746,0.4032,54519,21672
OlmoEarth-1.2 Base,ReADI,HIGHCHOL,High cholesterol,-0.1048,0.2938,0.3246,0.2938,0.2198,54519,21672
OlmoEarth-1.2 Base,ReADI,HOUSINSECU,Housing insecurity,0.6422,0.3295,0.1179,0.3295,0.7601,39650,18298
OlmoEarth-1.2 Base,ReADI,INDEPLIVE,Independent living difficulty,0.8713,-0.2078,0,0,0.8713,54519,21672
OlmoEarth-1.2 Base,ReADI,LACKTRPT,Lack of transportation,0.747,0.3148,0.0796,0.3148,0.8266,39650,18298
OlmoEarth-1.2 Base,ReADI,LONELINESS,Loneliness,0.0431,0.128,0.1224,0.128,0.1655,39650,18298
OlmoEarth-1.2 Base,ReADI,LPA,Physical inactivity,0.763,0.1797,0.0426,0.1797,0.8056,54519,21672
OlmoEarth-1.2 Base,ReADI,MAMMOUSE,Mammography use,0.3255,0.1447,0.0976,0.1447,0.4231,59074,21664
OlmoEarth-1.2 Base,ReADI,MHLTH,Poor mental health days,0.601,0.0182,0.0073,0.0182,0.6083,54519,21672
OlmoEarth-1.2 Base,ReADI,MOBILITY,Mobility disability,0.6683,0.2195,0.0728,0.2195,0.7411,54519,21672
OlmoEarth-1.2 Base,ReADI,OBESITY,Obesity,0.453,0.2751,0.1505,0.2751,0.6035,54519,21672
OlmoEarth-1.2 Base,ReADI,PHLTH,Poor physical health days,0.7439,0.1911,0.0489,0.1911,0.7928,54519,21672
OlmoEarth-1.2 Base,ReADI,SELFCARE,Self-care disability,0.8046,0.0752,0.0147,0.0752,0.8193,54519,21672
OlmoEarth-1.2 Base,ReADI,SHUTUTILITY,Utility shutoff,0.7891,0.0813,0.0171,0.0813,0.8062,39650,18298
OlmoEarth-1.2 Base,ReADI,SLEEP,Short sleep duration,0.4784,0.0553,0.0289,0.0553,0.5073,59105,21672
OlmoEarth-1.2 Base,ReADI,STROKE,Stroke,0.4841,0.2874,0.1482,0.2873,0.6323,54519,21672
OlmoEarth-1.2 Base,ReADI,TEETHLOST,Tooth loss,0.8252,0.0614,0.0107,0.0613,0.8359,59080,21666
OlmoEarth-1.2 Base,ReADI,VISION,Vision disability,0.8076,0.2888,0.0556,0.2888,0.8632,54519,21672
OlmoEarth-1.2 Base,SDI,ACCESS2,Lack of health insurance,0.4203,-0.5971,0,0,0.4203,54519,21672
OlmoEarth-1.2 Base,SDI,ARTHRITIS,Arthritis,-0.0314,0.448,0.4621,0.448,0.4307,54519,21672
OlmoEarth-1.2 Base,SDI,BINGE,Binge drinking,0.0358,0.1431,0.138,0.1431,0.1738,54519,21672
OlmoEarth-1.2 Base,SDI,BPHIGH,High blood pressure,-0.1748,0.4431,0.5206,0.4431,0.3458,54519,21672
OlmoEarth-1.2 Base,SDI,BPMED,BP medication use,-0.0297,0.322,0.3316,0.322,0.3019,54519,21672
OlmoEarth-1.2 Base,SDI,CANCER,Cancer (excl. skin),0.3253,0.3226,0.2177,0.3226,0.543,54519,21672
OlmoEarth-1.2 Base,SDI,CASTHMA,Current asthma,0.0585,0.4741,0.4464,0.4741,0.5049,54519,21672
OlmoEarth-1.2 Base,SDI,CHD,Coronary heart disease,-0.0459,0.3614,0.378,0.3615,0.3321,54519,21672
OlmoEarth-1.2 Base,SDI,CHECKUP,Annual checkup,-0.1091,0.4779,0.53,0.4779,0.4209,54519,21672
OlmoEarth-1.2 Base,SDI,CHOLSCREEN,Cholesterol screening,0.4886,0.2145,0.1097,0.2145,0.5983,54519,21672
OlmoEarth-1.2 Base,SDI,COGNITION,Cognitive decline,0.6375,0.2565,0.093,0.2565,0.7305,54519,21672
OlmoEarth-1.2 Base,SDI,COLON_SCREEN,Colorectal cancer screening,0.4171,0.4157,0.2423,0.4157,0.6594,59103,21671
OlmoEarth-1.2 Base,SDI,COPD,COPD,0.0038,0.4579,0.4562,0.4579,0.46,54519,21672
OlmoEarth-1.2 Base,SDI,CSMOKING,Current smoking,0.2489,0.4691,0.3524,0.4691,0.6013,54519,21672
OlmoEarth-1.2 Base,SDI,DENTAL,Dental visit,0.56,0.09,0.0396,0.09,0.5996,59105,21672
OlmoEarth-1.2 Base,SDI,DEPRESSION,Depression,-0.1391,0.135,0.1538,0.135,0.0147,54519,21672
OlmoEarth-1.2 Base,SDI,DIABETES,Diabetes,0.159,0.3442,0.2895,0.3442,0.4485,54519,21672
OlmoEarth-1.2 Base,SDI,DISABILITY,Any disability,0.4287,0.3559,0.2033,0.3559,0.632,54519,21672
OlmoEarth-1.2 Base,SDI,EMOTIONSPT,Emotional support,0.4183,0.248,0.1443,0.248,0.5626,39650,18298
OlmoEarth-1.2 Base,SDI,FOODINSECU,Food insecurity,0.7253,0.2758,0.0758,0.2758,0.8011,39650,18298
OlmoEarth-1.2 Base,SDI,FOODSTAMP,Food stamp use,0.722,0.0808,0.0225,0.0808,0.7445,39650,18298
OlmoEarth-1.2 Base,SDI,GHLTH,Fair/poor general health,0.584,0.3514,0.1462,0.3514,0.7302,54519,21672
OlmoEarth-1.2 Base,SDI,HEARING,Hearing disability,-0.0927,0.2755,0.301,0.2755,0.2083,54519,21672
OlmoEarth-1.2 Base,SDI,HIGHCHOL,High cholesterol,-0.0672,0.2313,0.2468,0.2313,0.1796,54519,21672
OlmoEarth-1.2 Base,SDI,HOUSINSECU,Housing insecurity,0.7008,0.2546,0.0762,0.2546,0.777,39650,18298
OlmoEarth-1.2 Base,SDI,INDEPLIVE,Independent living difficulty,0.5826,0.3176,0.1326,0.3176,0.7152,54519,21672
OlmoEarth-1.2 Base,SDI,LACKTRPT,Lack of transportation,0.7422,0.2173,0.056,0.2174,0.7982,39650,18298
OlmoEarth-1.2 Base,SDI,LONELINESS,Loneliness,0.3867,-0.0813,0,0,0.3867,39650,18298
OlmoEarth-1.2 Base,SDI,LPA,Physical inactivity,0.4118,0.296,0.1741,0.296,0.5859,54519,21672
OlmoEarth-1.2 Base,SDI,MAMMOUSE,Mammography use,0.2019,0.163,0.1301,0.163,0.332,59074,21664
OlmoEarth-1.2 Base,SDI,MHLTH,Poor mental health days,0.5141,0.2023,0.0983,0.2023,0.61240000000000006,54519,21672
OlmoEarth-1.2 Base,SDI,MOBILITY,Mobility disability,0.2657,0.3681,0.2703,0.3681,0.536,54519,21672
OlmoEarth-1.2 Base,SDI,OBESITY,Obesity,-0.0822,0.3863,0.418,0.3863,0.3358,54519,21672
OlmoEarth-1.2 Base,SDI,PHLTH,Poor physical health days,0.3663,0.3566,0.226,0.3566,0.5923,54519,21672
OlmoEarth-1.2 Base,SDI,SELFCARE,Self-care disability,0.4924,0.3312,0.1681,0.3312,0.6605,54519,21672
OlmoEarth-1.2 Base,SDI,SHUTUTILITY,Utility shutoff,0.558,0.1428,0.0631,0.1428,0.6211,39650,18298
OlmoEarth-1.2 Base,SDI,SLEEP,Short sleep duration,0.2326,0.0852,0.0654,0.0852,0.298,59105,21672
OlmoEarth-1.2 Base,SDI,STROKE,Stroke,0.0798,0.3834,0.3528,0.3834,0.4326,54519,21672
OlmoEarth-1.2 Base,SDI,TEETHLOST,Tooth loss,0.438,0.2785,0.1565,0.2785,0.5945,59080,21666
OlmoEarth-1.2 Base,SDI,VISION,Vision disability,0.62,0.2856,0.1085,0.2856,0.7285,54519,21672
OlmoEarth-1.2 Base,SVI,ACCESS2,Lack of health insurance,0.1622,-0.4372,0,0,0.1622,54519,21672
OlmoEarth-1.2 Base,SVI,ARTHRITIS,Arthritis,0.1132,0.3598,0.3191,0.3598,0.4323,54519,21672
OlmoEarth-1.2 Base,SVI,BINGE,Binge drinking,0.0838,0.1142,0.1046,0.1142,0.1884,54519,21672
OlmoEarth-1.2 Base,SVI,BPHIGH,High blood pressure,-0.1204,0.3607,0.4041,0.3607,0.2837,54519,21672
OlmoEarth-1.2 Base,SVI,BPMED,BP medication use,-0.0217,0.3307,0.3379,0.3307,0.3162,54519,21672
OlmoEarth-1.2 Base,SVI,CANCER,Cancer (excl. skin),0.3559,0.2993,0.1928,0.2993,0.5487,54519,21672
OlmoEarth-1.2 Base,SVI,CASTHMA,Current asthma,0.0297,0.3341,0.3242,0.3341,0.3539,54519,21672
OlmoEarth-1.2 Base,SVI,CHD,Coronary heart disease,-0.0352,0.3218,0.3331,0.3217,0.2979,54519,21672
OlmoEarth-1.2 Base,SVI,CHECKUP,Annual checkup,0.0593,0.4168,0.3921,0.4168,0.4514,54519,21672
OlmoEarth-1.2 Base,SVI,CHOLSCREEN,Cholesterol screening,0.2798,0.2611,0.1881,0.2611,0.4679,54519,21672
OlmoEarth-1.2 Base,SVI,COGNITION,Cognitive decline,0.3292,0.2757,0.1849,0.2757,0.5141,54519,21672
OlmoEarth-1.2 Base,SVI,COLON_SCREEN,Colorectal cancer screening,0.5699,0.2055,0.0884,0.2055,0.6583,59103,21671
OlmoEarth-1.2 Base,SVI,COPD,COPD,-0.0485,0.3775,0.3957,0.3774,0.3472,54519,21672
OlmoEarth-1.2 Base,SVI,CSMOKING,Current smoking,0.0076,0.4043,0.4012,0.4043,0.4088,54519,21672
OlmoEarth-1.2 Base,SVI,DENTAL,Dental visit,0.2369,0.0721,0.055,0.0721,0.2919,59105,21672
OlmoEarth-1.2 Base,SVI,DEPRESSION,Depression,-0.116,0.0201,0.0224,0.0201,-0.0936,54519,21672
OlmoEarth-1.2 Base,SVI,DIABETES,Diabetes,0.0431,0.3043,0.2912,0.3043,0.3343,54519,21672
OlmoEarth-1.2 Base,SVI,DISABILITY,Any disability,0.2235,0.2963,0.2301,0.2963,0.4536,54519,21672
OlmoEarth-1.2 Base,SVI,EMOTIONSPT,Emotional support,0.6206,0.1661,0.063,0.1661,0.6836,39650,18298
OlmoEarth-1.2 Base,SVI,FOODINSECU,Food insecurity,0.4205,0.2209,0.128,0.2209,0.5485,39650,18298
OlmoEarth-1.2 Base,SVI,FOODSTAMP,Food stamp use,0.3773,0.2259,0.1407,0.2259,0.518,39650,18298
OlmoEarth-1.2 Base,SVI,GHLTH,Fair/poor general health,0.4377,0.2809,0.158,0.2809,0.5957,54519,21672
OlmoEarth-1.2 Base,SVI,HEARING,Hearing disability,-0.0504,0.2421,0.2543,0.2421,0.2039,54519,21672
OlmoEarth-1.2 Base,SVI,HIGHCHOL,High cholesterol,-0.0941,0.2645,0.2894,0.2645,0.1953,54519,21672
OlmoEarth-1.2 Base,SVI,HOUSINSECU,Housing insecurity,0.4591,0.1317,0.0712,0.1317,0.5303,39650,18298
OlmoEarth-1.2 Base,SVI,INDEPLIVE,Independent living difficulty,0.2327,0.2873,0.2204,0.2873,0.4531,54519,21672
OlmoEarth-1.2 Base,SVI,LACKTRPT,Lack of transportation,0.3613,0.2075,0.1325,0.2075,0.4938,39650,18298
OlmoEarth-1.2 Base,SVI,LONELINESS,Loneliness,0.4069,0.0309,0.0183,0.0309,0.4252,39650,18298
OlmoEarth-1.2 Base,SVI,LPA,Physical inactivity,0.2023,0.2663,0.2124,0.2663,0.4147,54519,21672
OlmoEarth-1.2 Base,SVI,MAMMOUSE,Mammography use,0.1286,0.1306,0.1138,0.1306,0.2424,59074,21664
OlmoEarth-1.2 Base,SVI,MHLTH,Poor mental health days,0.1675,0.2425,0.2018,0.2424,0.3693,54519,21672
OlmoEarth-1.2 Base,SVI,MOBILITY,Mobility disability,0.1299,0.2955,0.2571,0.2955,0.387,54519,21672
OlmoEarth-1.2 Base,SVI,OBESITY,Obesity,-0.2228,0.2992,0.3658,0.2992,0.143,54519,21672
OlmoEarth-1.2 Base,SVI,PHLTH,Poor physical health days,0.2173,0.3048,0.2386,0.3048,0.4559,54519,21672
OlmoEarth-1.2 Base,SVI,SELFCARE,Self-care disability,0.2211,0.2884,0.2246,0.2884,0.4457,54519,21672
OlmoEarth-1.2 Base,SVI,SHUTUTILITY,Utility shutoff,0.0681,0.1467,0.1367,0.1467,0.2048,39650,18298
OlmoEarth-1.2 Base,SVI,SLEEP,Short sleep duration,-0.032,0.0844,0.0871,0.0844,0.0551,59105,21672
OlmoEarth-1.2 Base,SVI,STROKE,Stroke,0.0056,0.3066,0.3049,0.3066,0.3105,54519,21672
OlmoEarth-1.2 Base,SVI,TEETHLOST,Tooth loss,0.0656,0.2779,0.2596,0.2779,0.3252,59080,21666
OlmoEarth-1.2 Base,SVI,VISION,Vision disability,0.3603,0.2345,0.15,0.2345,0.5103,54519,21672
OlmoEarth-1.2 Nano,ReADI,ACCESS2,Lack of health insurance,0.5564,0.2218,0.0984,0.2218,0.6548,54519,21672
OlmoEarth-1.2 Nano,ReADI,ARTHRITIS,Arthritis,0.0474,0.493,0.4696,0.493,0.517,54519,21672
OlmoEarth-1.2 Nano,ReADI,BINGE,Binge drinking,0.1255,0.0114,0.01,0.0114,0.1355,54519,21672
OlmoEarth-1.2 Nano,ReADI,BPHIGH,High blood pressure,0.1779,0.3853,0.3167,0.3853,0.4946,54519,21672
OlmoEarth-1.2 Nano,ReADI,BPMED,BP medication use,-0.1216,0.3225,0.3617,0.3225,0.2401,54519,21672
OlmoEarth-1.2 Nano,ReADI,CANCER,Cancer (excl. skin),0.0658,0.4216,0.3939,0.4216,0.4597,54519,21672
OlmoEarth-1.2 Nano,ReADI,CASTHMA,Current asthma,0.2682,0.3244,0.2374,0.3244,0.5056,54519,21672
OlmoEarth-1.2 Nano,ReADI,CHD,Coronary heart disease,0.2783,0.3276,0.2365,0.3276,0.5148,54519,21672
OlmoEarth-1.2 Nano,ReADI,CHECKUP,Annual checkup,-0.2117,0.4044,0.49,0.4044,0.2783,54519,21672
OlmoEarth-1.2 Nano,ReADI,CHOLSCREEN,Cholesterol screening,0.3546,0.2302,0.1486,0.2302,0.5032,54519,21672
OlmoEarth-1.2 Nano,ReADI,COGNITION,Cognitive decline,0.7592,-0.066,0,0,0.7592,54519,21672
OlmoEarth-1.2 Nano,ReADI,COLON_SCREEN,Colorectal cancer screening,0.21,0.315,0.2489,0.315,0.4589,59103,21671
OlmoEarth-1.2 Nano,ReADI,COPD,COPD,0.4925,0.3806,0.1931,0.3805,0.6856,54519,21672
OlmoEarth-1.2 Nano,ReADI,CSMOKING,Current smoking,0.7358,0.1753,0.0463,0.1753,0.7821,54519,21672
OlmoEarth-1.2 Nano,ReADI,DENTAL,Dental visit,0.8091,-0.1174,0,0,0.8091,59105,21672
OlmoEarth-1.2 Nano,ReADI,DEPRESSION,Depression,-0.1154,-0.0568,0,0,-0.1154,54519,21672
OlmoEarth-1.2 Nano,ReADI,DIABETES,Diabetes,0.5521,0.1149,0.0515,0.1149,0.6036,54519,21672
OlmoEarth-1.2 Nano,ReADI,DISABILITY,Any disability,0.8041,-0.0744,0,0,0.8041,54519,21672
OlmoEarth-1.2 Nano,ReADI,EMOTIONSPT,Emotional support,0.1307,0.1598,0.1389,0.1598,0.2696,39650,18298
OlmoEarth-1.2 Nano,ReADI,FOODINSECU,Food insecurity,0.7415,0.2592,0.067,0.2592,0.8085,39650,18298
OlmoEarth-1.2 Nano,ReADI,FOODSTAMP,Food stamp use,0.7121,-0.0032,0,0,0.7121,39650,18298
OlmoEarth-1.2 Nano,ReADI,GHLTH,Fair/poor general health,0.7471,0.0505,0.0128,0.0505,0.7599,54519,21672
OlmoEarth-1.2 Nano,ReADI,HEARING,Hearing disability,0.1772,0.2896,0.2382,0.2896,0.4154,54519,21672
OlmoEarth-1.2 Nano,ReADI,HIGHCHOL,High cholesterol,-0.1048,0.2119,0.2341,0.2119,0.1293,54519,21672
OlmoEarth-1.2 Nano,ReADI,HOUSINSECU,Housing insecurity,0.6422,0.2803,0.1003,0.2803,0.7425,39650,18298
OlmoEarth-1.2 Nano,ReADI,INDEPLIVE,Independent living difficulty,0.8713,-0.2032,0,0,0.8713,54519,21672
OlmoEarth-1.2 Nano,ReADI,LACKTRPT,Lack of transportation,0.747,0.2505,0.0634,0.2505,0.8104,39650,18298
OlmoEarth-1.2 Nano,ReADI,LONELINESS,Loneliness,0.0431,0.0771,0.0738,0.0771,0.1169,39650,18298
OlmoEarth-1.2 Nano,ReADI,LPA,Physical inactivity,0.763,0.0372,0.0088,0.0372,0.7718,54519,21672
OlmoEarth-1.2 Nano,ReADI,MAMMOUSE,Mammography use,0.3255,0.1107,0.0747,0.1107,0.4002,59074,21664
OlmoEarth-1.2 Nano,ReADI,MHLTH,Poor mental health days,0.601,-0.0175,0,0,0.601,54519,21672
OlmoEarth-1.2 Nano,ReADI,MOBILITY,Mobility disability,0.6683,0.0808,0.0268,0.0808,0.6951,54519,21672
OlmoEarth-1.2 Nano,ReADI,OBESITY,Obesity,0.453,0.178,0.0974,0.178,0.5504,54519,21672
OlmoEarth-1.2 Nano,ReADI,PHLTH,Poor physical health days,0.7439,0.051,0.0131,0.051,0.757,54519,21672
OlmoEarth-1.2 Nano,ReADI,SELFCARE,Self-care disability,0.8046,-0.0105,0,0,0.8046,54519,21672
OlmoEarth-1.2 Nano,ReADI,SHUTUTILITY,Utility shutoff,0.7891,0.0507,0.0107,0.0507,0.7998,39650,18298
OlmoEarth-1.2 Nano,ReADI,SLEEP,Short sleep duration,0.4784,-0.0292,0,0,0.4784,59105,21672
OlmoEarth-1.2 Nano,ReADI,STROKE,Stroke,0.4841,0.2225,0.1148,0.2225,0.5989,54519,21672
OlmoEarth-1.2 Nano,ReADI,TEETHLOST,Tooth loss,0.8252,0.0414,0.0072,0.0414,0.8324,59080,21666
OlmoEarth-1.2 Nano,ReADI,VISION,Vision disability,0.8076,0.1713,0.033,0.1713,0.8406,54519,21672
OlmoEarth-1.2 Nano,SDI,ACCESS2,Lack of health insurance,0.4203,0.051,0.0296,0.051,0.4499,54519,21672
OlmoEarth-1.2 Nano,SDI,ARTHRITIS,Arthritis,-0.0314,0.408,0.4208,0.408,0.3894,54519,21672
OlmoEarth-1.2 Nano,SDI,BINGE,Binge drinking,0.0358,0.0633,0.061,0.0633,0.0968,54519,21672
OlmoEarth-1.2 Nano,SDI,BPHIGH,High blood pressure,-0.1748,0.3823,0.4492,0.3823,0.2744,54519,21672
OlmoEarth-1.2 Nano,SDI,BPMED,BP medication use,-0.0297,0.243,0.2502,0.243,0.2205,54519,21672
OlmoEarth-1.2 Nano,SDI,CANCER,Cancer (excl. skin),0.3253,0.275,0.1855,0.275,0.5108,54519,21672
OlmoEarth-1.2 Nano,SDI,CASTHMA,Current asthma,0.0585,0.3419,0.3219,0.3419,0.3804,54519,21672
OlmoEarth-1.2 Nano,SDI,CHD,Coronary heart disease,-0.0459,0.3307,0.3459,0.3307,0.3,54519,21672
OlmoEarth-1.2 Nano,SDI,CHECKUP,Annual checkup,-0.1091,0.3659,0.4058,0.3659,0.2967,54519,21672
OlmoEarth-1.2 Nano,SDI,CHOLSCREEN,Cholesterol screening,0.4886,0.0908,0.0464,0.0908,0.535,54519,21672
OlmoEarth-1.2 Nano,SDI,COGNITION,Cognitive decline,0.6375,0.1893,0.0686,0.1893,0.7061,54519,21672
OlmoEarth-1.2 Nano,SDI,COLON_SCREEN,Colorectal cancer screening,0.4171,0.252,0.1469,0.252,0.564,59103,21671
OlmoEarth-1.2 Nano,SDI,COPD,COPD,0.0038,0.395,0.3935,0.395,0.3973,54519,21672
OlmoEarth-1.2 Nano,SDI,CSMOKING,Current smoking,0.2489,0.3674,0.276,0.3675,0.5249,54519,21672
OlmoEarth-1.2 Nano,SDI,DENTAL,Dental visit,0.56,0.0372,0.0164,0.0372,0.5764,59105,21672
OlmoEarth-1.2 Nano,SDI,DEPRESSION,Depression,-0.1391,0.0143,0.0162,0.0143,-0.1229,54519,21672
OlmoEarth-1.2 Nano,SDI,DIABETES,Diabetes,0.159,0.2931,0.2465,0.2931,0.4055,54519,21672
OlmoEarth-1.2 Nano,SDI,DISABILITY,Any disability,0.4287,0.3152,0.1801,0.3152,0.6088,54519,21672
OlmoEarth-1.2 Nano,SDI,EMOTIONSPT,Emotional support,0.4183,0.0994,0.0578,0.0994,0.4761,39650,18298
OlmoEarth-1.2 Nano,SDI,FOODINSECU,Food insecurity,0.7253,0.2251,0.0618,0.2251,0.7871,39650,18298
OlmoEarth-1.2 Nano,SDI,FOODSTAMP,Food stamp use,0.722,0.0678,0.0188,0.0678,0.7408,39650,18298
OlmoEarth-1.2 Nano,SDI,GHLTH,Fair/poor general health,0.584,0.2959,0.1231,0.2959,0.7071,54519,21672
OlmoEarth-1.2 Nano,SDI,HEARING,Hearing disability,-0.0927,0.2511,0.2743,0.2511,0.1816,54519,21672
OlmoEarth-1.2 Nano,SDI,HIGHCHOL,High cholesterol,-0.0672,0.1597,0.1704,0.1597,0.1032,54519,21672
OlmoEarth-1.2 Nano,SDI,HOUSINSECU,Housing insecurity,0.7008,0.2106,0.063,0.2106,0.7638,39650,18298
OlmoEarth-1.2 Nano,SDI,INDEPLIVE,Independent living difficulty,0.5826,0.2861,0.1194,0.286,0.702,54519,21672
OlmoEarth-1.2 Nano,SDI,LACKTRPT,Lack of transportation,0.7422,0.1529,0.0394,0.1529,0.7816,39650,18298
OlmoEarth-1.2 Nano,SDI,LONELINESS,Loneliness,0.3867,-0.131,0,0,0.3867,39650,18298
OlmoEarth-1.2 Nano,SDI,LPA,Physical inactivity,0.4118,0.2735,0.1608,0.2735,0.5726,54519,21672
OlmoEarth-1.2 Nano,SDI,MAMMOUSE,Mammography use,0.2019,0.1025,0.0818,0.1025,0.2837,59074,21664
OlmoEarth-1.2 Nano,SDI,MHLTH,Poor mental health days,0.5141,0.1211,0.0588,0.1211,0.5729,54519,21672
OlmoEarth-1.2 Nano,SDI,MOBILITY,Mobility disability,0.2657,0.3174,0.233,0.3173,0.4987,54519,21672
OlmoEarth-1.2 Nano,SDI,OBESITY,Obesity,-0.0822,0.2396,0.2593,0.2396,0.1771,54519,21672
OlmoEarth-1.2 Nano,SDI,PHLTH,Poor physical health days,0.3663,0.3085,0.1955,0.3085,0.5618,54519,21672
OlmoEarth-1.2 Nano,SDI,SELFCARE,Self-care disability,0.4924,0.2906,0.1475,0.2906,0.6399,54519,21672
OlmoEarth-1.2 Nano,SDI,SHUTUTILITY,Utility shutoff,0.558,0.0828,0.0366,0.0828,0.5946,39650,18298
OlmoEarth-1.2 Nano,SDI,SLEEP,Short sleep duration,0.2326,0.0034,0.0026,0.0034,0.2352,59105,21672
OlmoEarth-1.2 Nano,SDI,STROKE,Stroke,0.0798,0.3325,0.306,0.3326,0.3858,54519,21672
OlmoEarth-1.2 Nano,SDI,TEETHLOST,Tooth loss,0.438,0.2348,0.132,0.2348,0.57,59080,21666
OlmoEarth-1.2 Nano,SDI,VISION,Vision disability,0.62,0.2711,0.103,0.2711,0.723,54519,21672
OlmoEarth-1.2 Nano,SVI,ACCESS2,Lack of health insurance,0.1622,-0.3726,0,0,0.1622,54519,21672
OlmoEarth-1.2 Nano,SVI,ARTHRITIS,Arthritis,0.1132,0.3216,0.2852,0.3216,0.3984,54519,21672
OlmoEarth-1.2 Nano,SVI,BINGE,Binge drinking,0.0838,0.0573,0.0525,0.0573,0.1363,54519,21672
OlmoEarth-1.2 Nano,SVI,BPHIGH,High blood pressure,-0.1204,0.3025,0.3389,0.3025,0.2185,54519,21672
OlmoEarth-1.2 Nano,SVI,BPMED,BP medication use,-0.0217,0.2523,0.2578,0.2523,0.2361,54519,21672
OlmoEarth-1.2 Nano,SVI,CANCER,Cancer (excl. skin),0.3559,0.2446,0.1575,0.2446,0.5134,54519,21672
OlmoEarth-1.2 Nano,SVI,CASTHMA,Current asthma,0.0297,0.2094,0.2032,0.2094,0.2329,54519,21672
OlmoEarth-1.2 Nano,SVI,CHD,Coronary heart disease,-0.0352,0.2859,0.2959,0.2859,0.2607,54519,21672
OlmoEarth-1.2 Nano,SVI,CHECKUP,Annual checkup,0.0593,0.3135,0.2949,0.3135,0.3542,54519,21672
OlmoEarth-1.2 Nano,SVI,CHOLSCREEN,Cholesterol screening,0.2798,0.0674,0.0485,0.0674,0.3283,54519,21672
OlmoEarth-1.2 Nano,SVI,COGNITION,Cognitive decline,0.3292,0.1469,0.0985,0.1469,0.4277,54519,21672
OlmoEarth-1.2 Nano,SVI,COLON_SCREEN,Colorectal cancer screening,0.5699,0.1469,0.0632,0.1469,0.6331,59103,21671
OlmoEarth-1.2 Nano,SVI,COPD,COPD,-0.0485,0.2908,0.3049,0.2908,0.2564,54519,21672
OlmoEarth-1.2 Nano,SVI,CSMOKING,Current smoking,0.0076,0.2721,0.27,0.2721,0.2776,54519,21672
OlmoEarth-1.2 Nano,SVI,DENTAL,Dental visit,0.2369,-0.0938,0,0,0.2369,59105,21672
OlmoEarth-1.2 Nano,SVI,DEPRESSION,Depression,-0.116,-0.121,0,0,-0.116,54519,21672
OlmoEarth-1.2 Nano,SVI,DIABETES,Diabetes,0.0431,0.2387,0.2284,0.2387,0.2715,54519,21672
OlmoEarth-1.2 Nano,SVI,DISABILITY,Any disability,0.2235,0.2044,0.1587,0.2044,0.3822,54519,21672
OlmoEarth-1.2 Nano,SVI,EMOTIONSPT,Emotional support,0.6206,0.0563,0.0213,0.0563,0.6419,39650,18298
OlmoEarth-1.2 Nano,SVI,FOODINSECU,Food insecurity,0.4205,0.0972,0.0563,0.0972,0.4768,39650,18298
OlmoEarth-1.2 Nano,SVI,FOODSTAMP,Food stamp use,0.3773,0.1349,0.084,0.1349,0.4613,39650,18298
OlmoEarth-1.2 Nano,SVI,GHLTH,Fair/poor general health,0.4377,0.2019,0.1135,0.2019,0.5512,54519,21672
OlmoEarth-1.2 Nano,SVI,HEARING,Hearing disability,-0.0504,0.2271,0.2386,0.2271,0.1882,54519,21672
OlmoEarth-1.2 Nano,SVI,HIGHCHOL,High cholesterol,-0.0941,0.1812,0.1983,0.1813,0.1042,54519,21672
OlmoEarth-1.2 Nano,SVI,HOUSINSECU,Housing insecurity,0.4591,0.0716,0.0387,0.0716,0.4978,39650,18298
OlmoEarth-1.2 Nano,SVI,INDEPLIVE,Independent living difficulty,0.2327,0.1816,0.1393,0.1816,0.372,54519,21672
OlmoEarth-1.2 Nano,SVI,LACKTRPT,Lack of transportation,0.3613,0.1048,0.067,0.1048,0.4283,39650,18298
OlmoEarth-1.2 Nano,SVI,LONELINESS,Loneliness,0.4069,-0.0438,0,0,0.4069,39650,18298
OlmoEarth-1.2 Nano,SVI,LPA,Physical inactivity,0.2023,0.1842,0.1469,0.1842,0.3492,54519,21672
OlmoEarth-1.2 Nano,SVI,MAMMOUSE,Mammography use,0.1286,0.0358,0.0312,0.0358,0.1598,59074,21664
OlmoEarth-1.2 Nano,SVI,MHLTH,Poor mental health days,0.1675,0.1354,0.1128,0.1354,0.2803,54519,21672
OlmoEarth-1.2 Nano,SVI,MOBILITY,Mobility disability,0.1299,0.2378,0.2069,0.2378,0.3368,54519,21672
OlmoEarth-1.2 Nano,SVI,OBESITY,Obesity,-0.2228,0.1514,0.1852,0.1514,-0.0376,54519,21672
OlmoEarth-1.2 Nano,SVI,PHLTH,Poor physical health days,0.2173,0.2197,0.172,0.2197,0.3893,54519,21672
OlmoEarth-1.2 Nano,SVI,SELFCARE,Self-care disability,0.2211,0.1985,0.1546,0.1985,0.3757,54519,21672
OlmoEarth-1.2 Nano,SVI,SHUTUTILITY,Utility shutoff,0.0681,0.0598,0.0557,0.0598,0.1238,39650,18298
OlmoEarth-1.2 Nano,SVI,SLEEP,Short sleep duration,-0.032,-0.0375,0,0,-0.032,59105,21672
OlmoEarth-1.2 Nano,SVI,STROKE,Stroke,0.0056,0.2496,0.2482,0.2496,0.2538,54519,21672
OlmoEarth-1.2 Nano,SVI,TEETHLOST,Tooth loss,0.0656,0.1449,0.1354,0.1449,0.201,59080,21666
OlmoEarth-1.2 Nano,SVI,VISION,Vision disability,0.3603,0.1421,0.0909,0.1421,0.4512,54519,21672
Prithvi-EO-2.0 300M-TL,ReADI,ACCESS2,Lack of health insurance,0.4267,-0.069,0,0,0.4267,54391,15990
Prithvi-EO-2.0 300M-TL,ReADI,ARTHRITIS,Arthritis,0.1414,0.3014,0.2588,0.3014,0.4002,54391,15990
Prithvi-EO-2.0 300M-TL,ReADI,BINGE,Binge drinking,0.1588,0.0972,0.0817,0.0972,0.2405,54391,15990
Prithvi-EO-2.0 300M-TL,ReADI,BPHIGH,High blood pressure,0.328,0.2392,0.1608,0.2392,0.4888,54391,15990
Prithvi-EO-2.0 300M-TL,ReADI,BPMED,BP medication use,-0.0391,0.2185,0.227,0.2185,0.1879,54391,15990
Prithvi-EO-2.0 300M-TL,ReADI,CANCER,Cancer (excl. skin),0.0734,0.2844,0.2635,0.2844,0.3369,54391,15990
Prithvi-EO-2.0 300M-TL,ReADI,CASTHMA,Current asthma,0.2588,0.0214,0.0159,0.0214,0.2747,54391,15990
Prithvi-EO-2.0 300M-TL,ReADI,CHD,Coronary heart disease,0.3745,0.2344,0.1466,0.2344,0.5211,54391,15990
Prithvi-EO-2.0 300M-TL,ReADI,CHECKUP,Annual checkup,-0.0793,0.2345,0.2531,0.2345,0.1738,54391,15990
Prithvi-EO-2.0 300M-TL,ReADI,CHOLSCREEN,Cholesterol screening,0.2991,0.1661,0.1164,0.1661,0.4155,54391,15990
Prithvi-EO-2.0 300M-TL,ReADI,COGNITION,Cognitive decline,0.7597,-0.1266,0,0,0.7597,54391,15990
Prithvi-EO-2.0 300M-TL,ReADI,COLON_SCREEN,Colorectal cancer screening,0.2745,0.2055,0.1491,0.2055,0.4236,59070,15989
Prithvi-EO-2.0 300M-TL,ReADI,COPD,COPD,0.6358,0.2054,0.0748,0.2054,0.7106,54391,15990
Prithvi-EO-2.0 300M-TL,ReADI,CSMOKING,Current smoking,0.7744,0.0487,0.011,0.0487,0.7854,54391,15990
Prithvi-EO-2.0 300M-TL,ReADI,DENTAL,Dental visit,0.7732,-0.3662,0,0,0.7732,59072,15990
Prithvi-EO-2.0 300M-TL,ReADI,DEPRESSION,Depression,-0.4138,-0.519,0,0,-0.4138,54391,15990
Prithvi-EO-2.0 300M-TL,ReADI,DIABETES,Diabetes,0.5658,0.1309,0.0569,0.1309,0.6227,54391,15990
Prithvi-EO-2.0 300M-TL,ReADI,DISABILITY,Any disability,0.806,0.0689,0.0134,0.0689,0.8194,54391,15990
Prithvi-EO-2.0 300M-TL,ReADI,EMOTIONSPT,Emotional support,0.1837,0.2893,0.2361,0.2893,0.4198,39468,12610
Prithvi-EO-2.0 300M-TL,ReADI,FOODINSECU,Food insecurity,0.7811,0.1796,0.0393,0.1796,0.8204,39468,12610
Prithvi-EO-2.0 300M-TL,ReADI,FOODSTAMP,Food stamp use,0.7403,0.1436,0.0373,0.1436,0.7776,39468,12610
Prithvi-EO-2.0 300M-TL,ReADI,GHLTH,Fair/poor general health,0.8,0.0857,0.0171,0.0857,0.8171,54391,15990
Prithvi-EO-2.0 300M-TL,ReADI,HEARING,Hearing disability,0.2556,0.2528,0.1882,0.2528,0.4438,54391,15990
Prithvi-EO-2.0 300M-TL,ReADI,HIGHCHOL,High cholesterol,-0.1018,0.1444,0.1591,0.1444,0.0573,54391,15990
Prithvi-EO-2.0 300M-TL,ReADI,HOUSINSECU,Housing insecurity,0.6908,0.1805,0.0558,0.1805,0.7466,39468,12610
Prithvi-EO-2.0 300M-TL,ReADI,INDEPLIVE,Independent living difficulty,0.8817,-0.108,0,0,0.8817,54391,15990
Prithvi-EO-2.0 300M-TL,ReADI,LACKTRPT,Lack of transportation,0.7591,0.1967,0.0474,0.1967,0.8065,39468,12610
Prithvi-EO-2.0 300M-TL,ReADI,LONELINESS,Loneliness,0.1581,-0.0477,0,0,0.1581,39468,12610
Prithvi-EO-2.0 300M-TL,ReADI,LPA,Physical inactivity,0.7238,-0.035,0,0,0.7238,54391,15990
Prithvi-EO-2.0 300M-TL,ReADI,MAMMOUSE,Mammography use,0.2339,0.1185,0.0908,0.1185,0.3247,59041,15986
Prithvi-EO-2.0 300M-TL,ReADI,MHLTH,Poor mental health days,0.5958,-0.0504,0,0,0.5958,54391,15990
Prithvi-EO-2.0 300M-TL,ReADI,MOBILITY,Mobility disability,0.6739,0.1676,0.0546,0.1676,0.7285,54391,15990
Prithvi-EO-2.0 300M-TL,ReADI,OBESITY,Obesity,0.5567,0.14,0.0621,0.14,0.6188,54391,15990
Prithvi-EO-2.0 300M-TL,ReADI,PHLTH,Poor physical health days,0.7392,0.0915,0.0239,0.0915,0.7631,54391,15990
Prithvi-EO-2.0 300M-TL,ReADI,SELFCARE,Self-care disability,0.8169,0.072,0.0132,0.072,0.8301,54391,15990
Prithvi-EO-2.0 300M-TL,ReADI,SHUTUTILITY,Utility shutoff,0.7911,0.0385,0.008,0.0385,0.7991,39468,12610
Prithvi-EO-2.0 300M-TL,ReADI,SLEEP,Short sleep duration,0.4529,-0.0247,0,0,0.4529,59072,15990
Prithvi-EO-2.0 300M-TL,ReADI,STROKE,Stroke,0.5657,0.1747,0.0759,0.1747,0.6416,54391,15990
Prithvi-EO-2.0 300M-TL,ReADI,TEETHLOST,Tooth loss,0.8462,0.016,0.0025,0.016,0.8487,59048,15986
Prithvi-EO-2.0 300M-TL,ReADI,VISION,Vision disability,0.8301,0.0944,0.016,0.0944,0.8461,54391,15990
Prithvi-EO-2.0 300M-TL,SDI,ACCESS2,Lack of health insurance,0.2192,-0.266,0,0,0.2192,54391,15990
Prithvi-EO-2.0 300M-TL,SDI,ARTHRITIS,Arthritis,9e-4,0.1853,0.1851,0.1853,0.186,54391,15990
Prithvi-EO-2.0 300M-TL,SDI,BINGE,Binge drinking,0.0383,0.1058,0.1017,0.1057,0.14,54391,15990
Prithvi-EO-2.0 300M-TL,SDI,BPHIGH,High blood pressure,-0.0229,0.1803,0.1845,0.1803,0.1616,54391,15990
Prithvi-EO-2.0 300M-TL,SDI,BPMED,BP medication use,0.0061,0.144,0.1431,0.144,0.1492,54391,15990
Prithvi-EO-2.0 300M-TL,SDI,CANCER,Cancer (excl. skin),0.2797,0.1298,0.0935,0.1298,0.3732,54391,15990
Prithvi-EO-2.0 300M-TL,SDI,CASTHMA,Current asthma,0.1203,-0.0236,0,0,0.1203,54391,15990
Prithvi-EO-2.0 300M-TL,SDI,CHD,Coronary heart disease,0.035,0.1589,0.1533,0.1589,0.1883,54391,15990
Prithvi-EO-2.0 300M-TL,SDI,CHECKUP,Annual checkup,-0.0121,0.2121,0.2147,0.2121,0.2026,54391,15990
Prithvi-EO-2.0 300M-TL,SDI,CHOLSCREEN,Cholesterol screening,0.4154,0.0895,0.0523,0.0895,0.4677,54391,15990
Prithvi-EO-2.0 300M-TL,SDI,COGNITION,Cognitive decline,0.6035,-0.053,0,0,0.6035,54391,15990
Prithvi-EO-2.0 300M-TL,SDI,COLON_SCREEN,Colorectal cancer screening,0.391,0.1265,0.077,0.1265,0.468,59070,15989
Prithvi-EO-2.0 300M-TL,SDI,COPD,COPD,0.1725,0.1558,0.1289,0.1558,0.3014,54391,15990
Prithvi-EO-2.0 300M-TL,SDI,CSMOKING,Current smoking,0.3481,0.1505,0.0981,0.1504,0.4462,54391,15990
Prithvi-EO-2.0 300M-TL,SDI,DENTAL,Dental visit,0.5037,-0.2872,0,0,0.5037,59072,15990
Prithvi-EO-2.0 300M-TL,SDI,DEPRESSION,Depression,-0.4287,-0.3132,0,0,-0.4287,54391,15990
Prithvi-EO-2.0 300M-TL,SDI,DIABETES,Diabetes,0.1797,0.1242,0.1019,0.1242,0.2816,54391,15990
Prithvi-EO-2.0 300M-TL,SDI,DISABILITY,Any disability,0.3964,0.092,0.0555,0.092,0.4519,54391,15990
Prithvi-EO-2.0 300M-TL,SDI,EMOTIONSPT,Emotional support,0.3876,0.1858,0.1138,0.1858,0.5014,39468,12610
Prithvi-EO-2.0 300M-TL,SDI,FOODINSECU,Food insecurity,0.6934,-0.0552,0,0,0.6934,39468,12610
Prithvi-EO-2.0 300M-TL,SDI,FOODSTAMP,Food stamp use,0.7053,-0.135,0,0,0.7053,39468,12610
Prithvi-EO-2.0 300M-TL,SDI,GHLTH,Fair/poor general health,0.5184,0.1302,0.0627,0.1302,0.5811,54391,15990
Prithvi-EO-2.0 300M-TL,SDI,HEARING,Hearing disability,-0.0172,0.1177,0.1197,0.1177,0.1025,54391,15990
Prithvi-EO-2.0 300M-TL,SDI,HIGHCHOL,High cholesterol,-0.0894,0.0645,0.0702,0.0645,-0.0192,54391,15990
Prithvi-EO-2.0 300M-TL,SDI,HOUSINSECU,Housing insecurity,0.6713,-0.0651,0,0,0.6713,39468,12610
Prithvi-EO-2.0 300M-TL,SDI,INDEPLIVE,Independent living difficulty,0.5753,0.064,0.0272,0.064,0.6025,54391,15990
Prithvi-EO-2.0 300M-TL,SDI,LACKTRPT,Lack of transportation,0.7275,-0.1166,0,0,0.7275,39468,12610
Prithvi-EO-2.0 300M-TL,SDI,LONELINESS,Loneliness,0.4228,-0.2429,0,0,0.4228,39468,12610
Prithvi-EO-2.0 300M-TL,SDI,LPA,Physical inactivity,0.343,0.0298,0.0196,0.0298,0.3626,54391,15990
Prithvi-EO-2.0 300M-TL,SDI,MAMMOUSE,Mammography use,0.1257,0.0448,0.0392,0.0448,0.1649,59041,15986
Prithvi-EO-2.0 300M-TL,SDI,MHLTH,Poor mental health days,0.5099,0.0292,0.0143,0.0292,0.5242,54391,15990
Prithvi-EO-2.0 300M-TL,SDI,MOBILITY,Mobility disability,0.2511,0.1497,0.1121,0.1497,0.3632,54391,15990
Prithvi-EO-2.0 300M-TL,SDI,OBESITY,Obesity,0.085,0.1203,0.1101,0.1203,0.1951,54391,15990
Prithvi-EO-2.0 300M-TL,SDI,PHLTH,Poor physical health days,0.3154,0.1493,0.1022,0.1493,0.4176,54391,15990
Prithvi-EO-2.0 300M-TL,SDI,SELFCARE,Self-care disability,0.465,0.1021,0.0546,0.102,0.5196,54391,15990
Prithvi-EO-2.0 300M-TL,SDI,SHUTUTILITY,Utility shutoff,0.6378,-0.1569,0,0,0.6378,39468,12610
Prithvi-EO-2.0 300M-TL,SDI,SLEEP,Short sleep duration,0.2364,-0.0596,0,0,0.2364,59072,15990
Prithvi-EO-2.0 300M-TL,SDI,STROKE,Stroke,0.1825,0.1542,0.1261,0.1542,0.3086,54391,15990
Prithvi-EO-2.0 300M-TL,SDI,TEETHLOST,Tooth loss,0.5403,0.0945,0.0435,0.0945,0.5838,59048,15986
Prithvi-EO-2.0 300M-TL,SDI,VISION,Vision disability,0.5631,0.0227,0.0099,0.0227,0.573,54391,15990
Prithvi-EO-2.0 300M-TL,SVI,ACCESS2,Lack of health insurance,0.0298,-0.3594,0,0,0.0298,54391,15990
Prithvi-EO-2.0 300M-TL,SVI,ARTHRITIS,Arthritis,0.0792,0.179,0.1648,0.179,0.244,54391,15990
Prithvi-EO-2.0 300M-TL,SVI,BINGE,Binge drinking,0.0825,0.0557,0.0511,0.0557,0.1336,54391,15990
Prithvi-EO-2.0 300M-TL,SVI,BPHIGH,High blood pressure,-0.0196,0.0978,0.0998,0.0978,0.0802,54391,15990
Prithvi-EO-2.0 300M-TL,SVI,BPMED,BP medication use,0.0041,0.1692,0.1685,0.1692,0.1726,54391,15990
Prithvi-EO-2.0 300M-TL,SVI,CANCER,Cancer (excl. skin),0.2525,0.2,0.1495,0.2,0.402,54391,15990
Prithvi-EO-2.0 300M-TL,SVI,CASTHMA,Current asthma,-0.0232,-0.0576,0,0,-0.0232,54391,15990
Prithvi-EO-2.0 300M-TL,SVI,CHD,Coronary heart disease,0.0252,0.1009,0.0983,0.1009,0.1235,54391,15990
Prithvi-EO-2.0 300M-TL,SVI,CHECKUP,Annual checkup,0.0635,0.1838,0.1721,0.1838,0.2356,54391,15990
Prithvi-EO-2.0 300M-TL,SVI,CHOLSCREEN,Cholesterol screening,0.201,0.1004,0.0802,0.1004,0.2812,54391,15990
Prithvi-EO-2.0 300M-TL,SVI,COGNITION,Cognitive decline,0.295,-0.0831,0,0,0.295,54391,15990
Prithvi-EO-2.0 300M-TL,SVI,COLON_SCREEN,Colorectal cancer screening,0.4202,0.0185,0.0107,0.0185,0.4309,59070,15989
Prithvi-EO-2.0 300M-TL,SVI,COPD,COPD,0.0687,0.0516,0.048,0.0516,0.1167,54391,15990
Prithvi-EO-2.0 300M-TL,SVI,CSMOKING,Current smoking,0.1233,0.0179,0.0157,0.0179,0.139,54391,15990
Prithvi-EO-2.0 300M-TL,SVI,DENTAL,Dental visit,0.2012,-0.3717,0,0,0.2012,59072,15990
Prithvi-EO-2.0 300M-TL,SVI,DEPRESSION,Depression,-0.3973,-0.3795,0,0,-0.3973,54391,15990
Prithvi-EO-2.0 300M-TL,SVI,DIABETES,Diabetes,0.0726,0.0118,0.011,0.0118,0.0836,54391,15990
Prithvi-EO-2.0 300M-TL,SVI,DISABILITY,Any disability,0.2098,-0.1042,0,0,0.2098,54391,15990
Prithvi-EO-2.0 300M-TL,SVI,EMOTIONSPT,Emotional support,0.4986,-0.0791,0,0,0.4986,39468,12610
Prithvi-EO-2.0 300M-TL,SVI,FOODINSECU,Food insecurity,0.3332,-0.2347,0,0,0.3332,39468,12610
Prithvi-EO-2.0 300M-TL,SVI,FOODSTAMP,Food stamp use,0.3287,-0.21560000000000001,0,0,0.3287,39468,12610
Prithvi-EO-2.0 300M-TL,SVI,GHLTH,Fair/poor general health,0.3238,-0.0788,0,0,0.3238,54391,15990
Prithvi-EO-2.0 300M-TL,SVI,HEARING,Hearing disability,-0.0035,0.0799,0.0802,0.0799,0.0767,54391,15990
Prithvi-EO-2.0 300M-TL,SVI,HIGHCHOL,High cholesterol,-0.109,0.1035,0.1148,0.1035,0.0058,54391,15990
Prithvi-EO-2.0 300M-TL,SVI,HOUSINSECU,Housing insecurity,0.3533,-0.293,0,0,0.3533,39468,12610
Prithvi-EO-2.0 300M-TL,SVI,INDEPLIVE,Independent living difficulty,0.2369,-0.0716,0,0,0.2369,54391,15990
Prithvi-EO-2.0 300M-TL,SVI,LACKTRPT,Lack of transportation,0.319,-0.1964,0,0,0.319,39468,12610
Prithvi-EO-2.0 300M-TL,SVI,LONELINESS,Loneliness,0.3274,-0.0948,0,0,0.3274,39468,12610
Prithvi-EO-2.0 300M-TL,SVI,LPA,Physical inactivity,0.1431,-0.1076,0,0,0.1431,54391,15990
Prithvi-EO-2.0 300M-TL,SVI,MAMMOUSE,Mammography use,0.0687,-0.0368,0,0,0.0687,59041,15986
Prithvi-EO-2.0 300M-TL,SVI,MHLTH,Poor mental health days,0.188,0.0364,0.0296,0.0364,0.2176,54391,15990
Prithvi-EO-2.0 300M-TL,SVI,MOBILITY,Mobility disability,0.1293,-0.0372,0,0,0.1293,54391,15990
Prithvi-EO-2.0 300M-TL,SVI,OBESITY,Obesity,-0.0625,-0.0105,0,0,-0.0625,54391,15990
Prithvi-EO-2.0 300M-TL,SVI,PHLTH,Poor physical health days,0.176,-0.0206,0,0,0.176,54391,15990
Prithvi-EO-2.0 300M-TL,SVI,SELFCARE,Self-care disability,0.2014,-0.1003,0,0,0.2014,54391,15990
Prithvi-EO-2.0 300M-TL,SVI,SHUTUTILITY,Utility shutoff,0.1903,-0.2495,0,0,0.1903,39468,12610
Prithvi-EO-2.0 300M-TL,SVI,SLEEP,Short sleep duration,-0.0129,-0.1527,0,0,-0.0129,59072,15990
Prithvi-EO-2.0 300M-TL,SVI,STROKE,Stroke,0.0929,0.0145,0.0132,0.0145,0.1061,54391,15990
Prithvi-EO-2.0 300M-TL,SVI,TEETHLOST,Tooth loss,0.1847,-0.0027,0,0,0.1847,59048,15986
Prithvi-EO-2.0 300M-TL,SVI,VISION,Vision disability,0.2687,-0.1964,0,0,0.2687,54391,15990
Prithvi-EO-2.0 Tiny-TL,ReADI,ACCESS2,Lack of health insurance,0.4267,-0.1509,0,0,0.4267,54391,15990
Prithvi-EO-2.0 Tiny-TL,ReADI,ARTHRITIS,Arthritis,0.1414,0.3016,0.259,0.3016,0.4004,54391,15990
Prithvi-EO-2.0 Tiny-TL,ReADI,BINGE,Binge drinking,0.1588,0.0334,0.0281,0.0334,0.1869,54391,15990
Prithvi-EO-2.0 Tiny-TL,ReADI,BPHIGH,High blood pressure,0.328,0.2344,0.1575,0.2344,0.4855,54391,15990
Prithvi-EO-2.0 Tiny-TL,ReADI,BPMED,BP medication use,-0.0391,0.1782,0.1851,0.1782,0.146,54391,15990
Prithvi-EO-2.0 Tiny-TL,ReADI,CANCER,Cancer (excl. skin),0.0734,0.2818,0.2611,0.2818,0.3345,54391,15990
Prithvi-EO-2.0 Tiny-TL,ReADI,CASTHMA,Current asthma,0.2588,0.0078,0.0058,0.0078,0.2646,54391,15990
Prithvi-EO-2.0 Tiny-TL,ReADI,CHD,Coronary heart disease,0.3745,0.2099,0.1313,0.2099,0.5058,54391,15990
Prithvi-EO-2.0 Tiny-TL,ReADI,CHECKUP,Annual checkup,-0.0793,0.2106,0.2273,0.2106,0.148,54391,15990
Prithvi-EO-2.0 Tiny-TL,ReADI,CHOLSCREEN,Cholesterol screening,0.2991,0.142,0.0995,0.142,0.3986,54391,15990
Prithvi-EO-2.0 Tiny-TL,ReADI,COGNITION,Cognitive decline,0.7597,-0.1179,0,0,0.7597,54391,15990
Prithvi-EO-2.0 Tiny-TL,ReADI,COLON_SCREEN,Colorectal cancer screening,0.2745,0.2014,0.1461,0.2014,0.4206,59070,15989
Prithvi-EO-2.0 Tiny-TL,ReADI,COPD,COPD,0.6358,0.2006,0.0731,0.2006,0.7089,54391,15990
Prithvi-EO-2.0 Tiny-TL,ReADI,CSMOKING,Current smoking,0.7744,0.024,0.0054,0.024,0.7798,54391,15990
Prithvi-EO-2.0 Tiny-TL,ReADI,DENTAL,Dental visit,0.7732,-0.7538,0,0,0.7732,59072,15990
Prithvi-EO-2.0 Tiny-TL,ReADI,DEPRESSION,Depression,-0.4138,-0.6404,0,0,-0.4138,54391,15990
Prithvi-EO-2.0 Tiny-TL,ReADI,DIABETES,Diabetes,0.5658,0.096,0.0417,0.096,0.6075,54391,15990
Prithvi-EO-2.0 Tiny-TL,ReADI,DISABILITY,Any disability,0.806,0.0267,0.0052,0.0267,0.8112,54391,15990
Prithvi-EO-2.0 Tiny-TL,ReADI,EMOTIONSPT,Emotional support,0.1837,0.2152,0.1757,0.2152,0.3594,39468,12610
Prithvi-EO-2.0 Tiny-TL,ReADI,FOODINSECU,Food insecurity,0.7811,0.1507,0.033,0.1507,0.8141,39468,12610
Prithvi-EO-2.0 Tiny-TL,ReADI,FOODSTAMP,Food stamp use,0.7403,0.1307,0.0339,0.1307,0.7742,39468,12610
Prithvi-EO-2.0 Tiny-TL,ReADI,GHLTH,Fair/poor general health,0.8,0.07,0.014,0.07,0.814,54391,15990
Prithvi-EO-2.0 Tiny-TL,ReADI,HEARING,Hearing disability,0.2556,0.2416,0.1799,0.2416,0.4355,54391,15990
Prithvi-EO-2.0 Tiny-TL,ReADI,HIGHCHOL,High cholesterol,-0.1018,0.1305,0.1438,0.1305,0.042,54391,15990
Prithvi-EO-2.0 Tiny-TL,ReADI,HOUSINSECU,Housing insecurity,0.6908,0.1668,0.0516,0.1668,0.7424,39468,12610
Prithvi-EO-2.0 Tiny-TL,ReADI,INDEPLIVE,Independent living difficulty,0.8817,-0.0965,0,0,0.8817,54391,15990
Prithvi-EO-2.0 Tiny-TL,ReADI,LACKTRPT,Lack of transportation,0.7591,0.1925,0.0464,0.1926,0.8055,39468,12610
Prithvi-EO-2.0 Tiny-TL,ReADI,LONELINESS,Loneliness,0.1581,0.011,0.0092,0.011,0.1673,39468,12610
Prithvi-EO-2.0 Tiny-TL,ReADI,LPA,Physical inactivity,0.7238,-0.0842,0,0,0.7238,54391,15990
Prithvi-EO-2.0 Tiny-TL,ReADI,MAMMOUSE,Mammography use,0.2339,0.1211,0.0928,0.1211,0.3267,59041,15986
Prithvi-EO-2.0 Tiny-TL,ReADI,MHLTH,Poor mental health days,0.5958,-0.0749,0,0,0.5958,54391,15990
Prithvi-EO-2.0 Tiny-TL,ReADI,MOBILITY,Mobility disability,0.6739,0.1266,0.0413,0.1266,0.7152,54391,15990
Prithvi-EO-2.0 Tiny-TL,ReADI,OBESITY,Obesity,0.5567,0.0573,0.0254,0.0573,0.5821,54391,15990
Prithvi-EO-2.0 Tiny-TL,ReADI,PHLTH,Poor physical health days,0.7392,0.0634,0.0165,0.0634,0.7557,54391,15990
Prithvi-EO-2.0 Tiny-TL,ReADI,SELFCARE,Self-care disability,0.8169,0.0498,0.0091,0.0498,0.826,54391,15990
Prithvi-EO-2.0 Tiny-TL,ReADI,SHUTUTILITY,Utility shutoff,0.7911,0.0599,0.0125,0.0599,0.8036,39468,12610
Prithvi-EO-2.0 Tiny-TL,ReADI,SLEEP,Short sleep duration,0.4529,-0.0773,0,0,0.4529,59072,15990
Prithvi-EO-2.0 Tiny-TL,ReADI,STROKE,Stroke,0.5657,0.1475,0.0641,0.1475,0.6298,54391,15990
Prithvi-EO-2.0 Tiny-TL,ReADI,TEETHLOST,Tooth loss,0.8462,0.0045,7e-4,0.0045,0.8469,59048,15986
Prithvi-EO-2.0 Tiny-TL,ReADI,VISION,Vision disability,0.8301,0.0699,0.0119,0.0699,0.842,54391,15990
Prithvi-EO-2.0 Tiny-TL,SDI,ACCESS2,Lack of health insurance,0.2192,-0.243,0,0,0.2192,54391,15990
Prithvi-EO-2.0 Tiny-TL,SDI,ARTHRITIS,Arthritis,9e-4,0.233,0.2328,0.233,0.2337,54391,15990
Prithvi-EO-2.0 Tiny-TL,SDI,BINGE,Binge drinking,0.0383,0.1005,0.0966,0.1005,0.1349,54391,15990
Prithvi-EO-2.0 Tiny-TL,SDI,BPHIGH,High blood pressure,-0.0229,0.2195,0.2246,0.2195,0.2017,54391,15990
Prithvi-EO-2.0 Tiny-TL,SDI,BPMED,BP medication use,0.0061,0.1297,0.129,0.1297,0.1351,54391,15990
Prithvi-EO-2.0 Tiny-TL,SDI,CANCER,Cancer (excl. skin),0.2797,0.1523,0.1097,0.1523,0.3894,54391,15990
Prithvi-EO-2.0 Tiny-TL,SDI,CASTHMA,Current asthma,0.1203,0.0451,0.0397,0.0452,0.16,54391,15990
Prithvi-EO-2.0 Tiny-TL,SDI,CHD,Coronary heart disease,0.035,0.1842,0.1778,0.1842,0.2128,54391,15990
Prithvi-EO-2.0 Tiny-TL,SDI,CHECKUP,Annual checkup,-0.0121,0.1924,0.1947,0.1924,0.1826,54391,15990
Prithvi-EO-2.0 Tiny-TL,SDI,CHOLSCREEN,Cholesterol screening,0.4154,0.041,0.024,0.041,0.4394,54391,15990
Prithvi-EO-2.0 Tiny-TL,SDI,COGNITION,Cognitive decline,0.6035,0.0151,0.006,0.0151,0.6095,54391,15990
Prithvi-EO-2.0 Tiny-TL,SDI,COLON_SCREEN,Colorectal cancer screening,0.391,0.115,0.07,0.115,0.461,59070,15989
Prithvi-EO-2.0 Tiny-TL,SDI,COPD,COPD,0.1725,0.2204,0.1824,0.2204,0.3549,54391,15990
Prithvi-EO-2.0 Tiny-TL,SDI,CSMOKING,Current smoking,0.3481,0.162,0.1056,0.162,0.4537,54391,15990
Prithvi-EO-2.0 Tiny-TL,SDI,DENTAL,Dental visit,0.5037,-0.5028,0,0,0.5037,59072,15990
Prithvi-EO-2.0 Tiny-TL,SDI,DEPRESSION,Depression,-0.4287,-0.4223,0,0,-0.4287,54391,15990
Prithvi-EO-2.0 Tiny-TL,SDI,DIABETES,Diabetes,0.1797,0.1486,0.1219,0.1486,0.3016,54391,15990
Prithvi-EO-2.0 Tiny-TL,SDI,DISABILITY,Any disability,0.3964,0.1698,0.1025,0.1698,0.4989,54391,15990
Prithvi-EO-2.0 Tiny-TL,SDI,EMOTIONSPT,Emotional support,0.3876,0.0953,0.0583,0.0953,0.4459,39468,12610
Prithvi-EO-2.0 Tiny-TL,SDI,FOODINSECU,Food insecurity,0.6934,-0.0125,0,0,0.6934,39468,12610
Prithvi-EO-2.0 Tiny-TL,SDI,FOODSTAMP,Food stamp use,0.7053,-0.0984,0,0,0.7053,39468,12610
Prithvi-EO-2.0 Tiny-TL,SDI,GHLTH,Fair/poor general health,0.5184,0.1508,0.0726,0.1508,0.591,54391,15990
Prithvi-EO-2.0 Tiny-TL,SDI,HEARING,Hearing disability,-0.0172,0.1647,0.1675,0.1647,0.1503,54391,15990
Prithvi-EO-2.0 Tiny-TL,SDI,HIGHCHOL,High cholesterol,-0.0894,0.0449,0.0489,0.0449,-0.0405,54391,15990
Prithvi-EO-2.0 Tiny-TL,SDI,HOUSINSECU,Housing insecurity,0.6713,-0.0494,0,0,0.6713,39468,12610
Prithvi-EO-2.0 Tiny-TL,SDI,INDEPLIVE,Independent living difficulty,0.5753,0.1244,0.0528,0.1244,0.6281,54391,15990
Prithvi-EO-2.0 Tiny-TL,SDI,LACKTRPT,Lack of transportation,0.7275,-0.0805,0,0,0.7275,39468,12610
Prithvi-EO-2.0 Tiny-TL,SDI,LONELINESS,Loneliness,0.4228,-0.2021,0,0,0.4228,39468,12610
Prithvi-EO-2.0 Tiny-TL,SDI,LPA,Physical inactivity,0.343,0.0189,0.0124,0.0189,0.3554,54391,15990
Prithvi-EO-2.0 Tiny-TL,SDI,MAMMOUSE,Mammography use,0.1257,0.0853,0.0746,0.0853,0.2003,59041,15986
Prithvi-EO-2.0 Tiny-TL,SDI,MHLTH,Poor mental health days,0.5099,0.0181,0.0089,0.0181,0.5188,54391,15990
Prithvi-EO-2.0 Tiny-TL,SDI,MOBILITY,Mobility disability,0.2511,0.183,0.137,0.183,0.3881,54391,15990
Prithvi-EO-2.0 Tiny-TL,SDI,OBESITY,Obesity,0.085,0.0827,0.0756,0.0827,0.1606,54391,15990
Prithvi-EO-2.0 Tiny-TL,SDI,PHLTH,Poor physical health days,0.3154,0.1513,0.1036,0.1513,0.419,54391,15990
Prithvi-EO-2.0 Tiny-TL,SDI,SELFCARE,Self-care disability,0.465,0.1405,0.0752,0.1405,0.5402,54391,15990
Prithvi-EO-2.0 Tiny-TL,SDI,SHUTUTILITY,Utility shutoff,0.6378,-0.0772,0,0,0.6378,39468,12610
Prithvi-EO-2.0 Tiny-TL,SDI,SLEEP,Short sleep duration,0.2364,-0.0868,0,0,0.2364,59072,15990
Prithvi-EO-2.0 Tiny-TL,SDI,STROKE,Stroke,0.1825,0.1782,0.1457,0.1782,0.3282,54391,15990
Prithvi-EO-2.0 Tiny-TL,SDI,TEETHLOST,Tooth loss,0.5403,0.1664,0.0765,0.1664,0.6168,59048,15986
Prithvi-EO-2.0 Tiny-TL,SDI,VISION,Vision disability,0.5631,0.0634,0.0277,0.0634,0.5908,54391,15990
Prithvi-EO-2.0 Tiny-TL,SVI,ACCESS2,Lack of health insurance,0.0298,-0.2615,0,0,0.0298,54391,15990
Prithvi-EO-2.0 Tiny-TL,SVI,ARTHRITIS,Arthritis,0.0792,0.1854,0.1707,0.1854,0.2499,54391,15990
Prithvi-EO-2.0 Tiny-TL,SVI,BINGE,Binge drinking,0.0825,0.076,0.0697,0.076,0.1522,54391,15990
Prithvi-EO-2.0 Tiny-TL,SVI,BPHIGH,High blood pressure,-0.0196,0.1462,0.1491,0.1462,0.1295,54391,15990
Prithvi-EO-2.0 Tiny-TL,SVI,BPMED,BP medication use,0.0041,0.1366,0.1361,0.1366,0.1402,54391,15990
Prithvi-EO-2.0 Tiny-TL,SVI,CANCER,Cancer (excl. skin),0.2525,0.188,0.1405,0.188,0.393,54391,15990
Prithvi-EO-2.0 Tiny-TL,SVI,CASTHMA,Current asthma,-0.0232,-0.0151,0,0,-0.0232,54391,15990
Prithvi-EO-2.0 Tiny-TL,SVI,CHD,Coronary heart disease,0.0252,0.1407,0.1372,0.1407,0.1624,54391,15990
Prithvi-EO-2.0 Tiny-TL,SVI,CHECKUP,Annual checkup,0.0635,0.1663,0.1557,0.1663,0.2192,54391,15990
Prithvi-EO-2.0 Tiny-TL,SVI,CHOLSCREEN,Cholesterol screening,0.201,0.0385,0.0307,0.0385,0.2317,54391,15990
Prithvi-EO-2.0 Tiny-TL,SVI,COGNITION,Cognitive decline,0.295,-0.0303,0,0,0.295,54391,15990
Prithvi-EO-2.0 Tiny-TL,SVI,COLON_SCREEN,Colorectal cancer screening,0.4202,0.0485,0.0281,0.0485,0.4483,59070,15989
Prithvi-EO-2.0 Tiny-TL,SVI,COPD,COPD,0.0687,0.107,0.0996,0.107,0.1683,54391,15990
Prithvi-EO-2.0 Tiny-TL,SVI,CSMOKING,Current smoking,0.1233,0.0679,0.0595,0.0679,0.1828,54391,15990
Prithvi-EO-2.0 Tiny-TL,SVI,DENTAL,Dental visit,0.2012,-0.3452,0,0,0.2012,59072,15990
Prithvi-EO-2.0 Tiny-TL,SVI,DEPRESSION,Depression,-0.3973,-0.5136,0,0,-0.3973,54391,15990
Prithvi-EO-2.0 Tiny-TL,SVI,DIABETES,Diabetes,0.0726,0.0735,0.0681,0.0735,0.1407,54391,15990
Prithvi-EO-2.0 Tiny-TL,SVI,DISABILITY,Any disability,0.2098,0.0201,0.0158,0.0201,0.2256,54391,15990
Prithvi-EO-2.0 Tiny-TL,SVI,EMOTIONSPT,Emotional support,0.4986,-0.0713,0,0,0.4986,39468,12610
Prithvi-EO-2.0 Tiny-TL,SVI,FOODINSECU,Food insecurity,0.3332,-0.1289,0,0,0.3332,39468,12610
Prithvi-EO-2.0 Tiny-TL,SVI,FOODSTAMP,Food stamp use,0.3287,-0.1168,0,0,0.3287,39468,12610
Prithvi-EO-2.0 Tiny-TL,SVI,GHLTH,Fair/poor general health,0.3238,-0.0016,0,0,0.3238,54391,15990
Prithvi-EO-2.0 Tiny-TL,SVI,HEARING,Hearing disability,-0.0035,0.1338,0.1343,0.1338,0.1308,54391,15990
Prithvi-EO-2.0 Tiny-TL,SVI,HIGHCHOL,High cholesterol,-0.109,0.094,0.1042,0.094,-0.0048,54391,15990
Prithvi-EO-2.0 Tiny-TL,SVI,HOUSINSECU,Housing insecurity,0.3533,-0.1945,0,0,0.3533,39468,12610
Prithvi-EO-2.0 Tiny-TL,SVI,INDEPLIVE,Independent living difficulty,0.2369,-0.0033,0,0,0.2369,54391,15990
Prithvi-EO-2.0 Tiny-TL,SVI,LACKTRPT,Lack of transportation,0.319,-0.1346,0,0,0.319,39468,12610
Prithvi-EO-2.0 Tiny-TL,SVI,LONELINESS,Loneliness,0.3274,-0.0807,0,0,0.3274,39468,12610
Prithvi-EO-2.0 Tiny-TL,SVI,LPA,Physical inactivity,0.1431,-0.0491,0,0,0.1431,54391,15990
Prithvi-EO-2.0 Tiny-TL,SVI,MAMMOUSE,Mammography use,0.0687,0.0414,0.0386,0.0414,0.1073,59041,15986
Prithvi-EO-2.0 Tiny-TL,SVI,MHLTH,Poor mental health days,0.188,0.0366,0.0297,0.0366,0.2177,54391,15990
Prithvi-EO-2.0 Tiny-TL,SVI,MOBILITY,Mobility disability,0.1293,0.052,0.0453,0.052,0.1746,54391,15990
Prithvi-EO-2.0 Tiny-TL,SVI,OBESITY,Obesity,-0.0625,-0.0154,0,0,-0.0625,54391,15990
Prithvi-EO-2.0 Tiny-TL,SVI,PHLTH,Poor physical health days,0.176,0.0336,0.0277,0.0336,0.2037,54391,15990
Prithvi-EO-2.0 Tiny-TL,SVI,SELFCARE,Self-care disability,0.2014,-0.0241,0,0,0.2014,54391,15990
Prithvi-EO-2.0 Tiny-TL,SVI,SHUTUTILITY,Utility shutoff,0.1903,-0.1218,0,0,0.1903,39468,12610
Prithvi-EO-2.0 Tiny-TL,SVI,SLEEP,Short sleep duration,-0.0129,-0.104,0,0,-0.0129,59072,15990
Prithvi-EO-2.0 Tiny-TL,SVI,STROKE,Stroke,0.0929,0.0868,0.0788,0.0868,0.1717,54391,15990
Prithvi-EO-2.0 Tiny-TL,SVI,TEETHLOST,Tooth loss,0.1847,0.0711,0.0579,0.0711,0.2426,59048,15986
Prithvi-EO-2.0 Tiny-TL,SVI,VISION,Vision disability,0.2687,-0.1033,0,0,0.2687,54391,15990
