embedding_model,state,r2_readi,r2_svi,r2_sdi,r2_emb,n_outcomes,n_tracts
AlphaEarth Foundations,AL,0.5742,0.2797,0.4135,0.3389,40,1430
AlphaEarth Foundations,AR,0.5262,0.2241,0.3416,0.3457,40,821
AlphaEarth Foundations,AZ,0.492,0.3237,0.3679,0.4372,40,1740
AlphaEarth Foundations,CA,0.5521,0.343,0.4272,0.4445,40,9068
AlphaEarth Foundations,CO,0.4292,0.2211,0.2308,0.4171,33,1437
AlphaEarth Foundations,DC,0.5639,0.3061,0.36,0.3937,40,206
AlphaEarth Foundations,DE,0.433,0.1668,0.3564,0.4003,40,257
AlphaEarth Foundations,FL,0.4288,0.2033,0.2984,0.3909,33,5077
AlphaEarth Foundations,GA,0.5478,0.239,0.38,0.444,40,2784
AlphaEarth Foundations,IA,0.525,0.1776,0.3384,0.2462,40,894
AlphaEarth Foundations,ID,0.4203,0.2048,0.2626,0.3046,40,455
AlphaEarth Foundations,IL,0.5665,0.2368,0.3856,0.496,40,3258
AlphaEarth Foundations,IN,0.5509,0.254,0.4172,0.3722,40,1685
AlphaEarth Foundations,KS,0.5498,0.3345,0.4106,0.4154,40,816
AlphaEarth Foundations,KY,0.7132,0.3033,0.5218,0.3798,5,1299
AlphaEarth Foundations,LA,0.6018,0.2891,0.4129,0.283,40,1366
AlphaEarth Foundations,MA,0.5585,0.3166,0.3812,0.4272,40,1597
AlphaEarth Foundations,MD,0.5178,0.1483,0.3752,0.4217,40,1458
AlphaEarth Foundations,ME,0.4497,0.2253,0.2457,0.4047,40,400
AlphaEarth Foundations,MI,0.5903,0.2938,0.4692,0.4605,40,2903
AlphaEarth Foundations,MN,0.4908,0.2552,0.3381,0.3493,40,1500
AlphaEarth Foundations,MO,0.5454,0.2784,0.3717,0.3893,40,1648
AlphaEarth Foundations,MS,0.5841,0.2384,0.3989,0.2438,40,870
AlphaEarth Foundations,MT,0.4015,0.2877,0.2169,0.2487,40,317
AlphaEarth Foundations,NC,0.5556,0.2723,0.3889,0.3829,40,2647
AlphaEarth Foundations,ND,0.3013,0.1555,0.2042,0.2202,40,228
AlphaEarth Foundations,NE,0.5105,0.2941,0.383,0.3224,40,552
AlphaEarth Foundations,NH,0.3765,0.1655,0.2032,0.2443,40,347
AlphaEarth Foundations,NJ,0.5549,0.3109,0.4577,0.4567,40,2169
AlphaEarth Foundations,NM,0.5377,0.2435,0.3357,0.3157,40,602
AlphaEarth Foundations,NV,0.52,0.3495,0.4206,0.4392,40,771
AlphaEarth Foundations,NY,0.4976,0.2235,0.381,0.4454,40,5288
AlphaEarth Foundations,OH,0.61240000000000006,0.3049,0.4669,0.377,40,3154
AlphaEarth Foundations,OK,0.5573,0.2999,0.4032,0.2927,40,1197
AlphaEarth Foundations,OR,0.4367,0.165,0.1919,0.4225,33,992
AlphaEarth Foundations,PA,0.6739,0.3743,0.5056,0.4449,5,3408
AlphaEarth Foundations,RI,0.5149,0.4054,0.3998,0.3633,40,246
AlphaEarth Foundations,SC,0.5598,0.2864,0.3862,0.323,40,1312
AlphaEarth Foundations,SD,0.4072,0.2018,0.2513,0.1766,33,242
AlphaEarth Foundations,TN,0.5525,0.2352,0.3566,0.3882,33,1682
AlphaEarth Foundations,TX,0.5296,0.3197,0.375,0.4213,33,6844
AlphaEarth Foundations,UT,0.372,0.2248,0.2323,0.388,40,710
AlphaEarth Foundations,VA,0.5167,0.144,0.3386,0.4542,40,2166
AlphaEarth Foundations,VT,0.3427,0.0738,0.0926,0.1909,33,192
AlphaEarth Foundations,WA,0.4571,0.1521,0.2006,0.4507,33,1770
AlphaEarth Foundations,WI,0.5536,0.2904,0.4174,0.4946,40,1525
AlphaEarth Foundations,WV,0.5298,0.1708,0.3076,0.2614,40,545
AlphaEarth Foundations,WY,0.2736,0.1543,0.143,0.1414,33,159
Clay-v1.5,AL,0.578,0.2541,0.408,0.3505,40,1411
Clay-v1.5,AR,0.5308,0.1996,0.3394,0.3177,40,807
Clay-v1.5,AZ,0.4964,0.3418,0.3803,0.4775,40,1703
Clay-v1.5,CA,0.5534,0.347,0.4283,0.4569,40,6658
Clay-v1.5,CO,0.4363,0.2135,0.2426,0.3787,33,1419
Clay-v1.5,DC,0.5639,0.3061,0.36,0.4129,40,206
Clay-v1.5,DE,0.433,0.1668,0.3564,0.3847,40,257
Clay-v1.5,FL,0.4258,0.1933,0.291,0.4232,33,5074
Clay-v1.5,GA,0.5241,0.2215,0.3421,0.4257,40,1999
Clay-v1.5,IA,0.52,0.1924,0.3604,0.2542,40,873
Clay-v1.5,ID,0.4301,0.226,0.2597,0.2809,40,439
Clay-v1.5,IL,0.5657,0.2283,0.3883,0.5298,40,3217
Clay-v1.5,IN,0.5509,0.254,0.4172,0.3988,40,1685
Clay-v1.5,KS,0.5474,0.339,0.416,0.4344,40,811
Clay-v1.5,KY,0.7129,0.3098,0.5097,0.3957,5,1213
Clay-v1.5,LA,0.5994,0.2909,0.4153,0.352,40,1319
Clay-v1.5,MA,0.5576,0.314,0.3845,0.4489,40,1593
Clay-v1.5,MD,0.5178,0.1483,0.3752,0.4314,40,1458
Clay-v1.5,ME,0.4497,0.2253,0.2457,0.4223,40,400
Clay-v1.5,MI,0.5883,0.2879,0.4686,0.4944,40,2844
Clay-v1.5,MN,0.4899,0.2677,0.337,0.3448,40,1499
Clay-v1.5,MO,0.5417,0.2821,0.3755,0.4532,40,1630
Clay-v1.5,MS,0.5911,0.2489,0.4112,0.2609,40,854
Clay-v1.5,MT,0.4015,0.2877,0.2169,0.2205,40,317
Clay-v1.5,NC,0.5556,0.2723,0.3889,0.4642,40,2647
Clay-v1.5,ND,0.3112,0.1012,0.1874,0.2113,40,225
Clay-v1.5,NE,0.5141,0.28,0.3525,0.3715,40,550
Clay-v1.5,NH,0.3765,0.1655,0.2032,0.2778,40,347
Clay-v1.5,NJ,0.5592,0.3113,0.4464,0.4784,40,2115
Clay-v1.5,NM,0.5367,0.2556,0.315,0.3227,40,592
Clay-v1.5,NV,0.5259,0.3442,0.4178,0.4245,40,765
Clay-v1.5,NY,0.497,0.2257,0.3772,0.4417,40,5016
Clay-v1.5,OH,0.6149,0.311,0.4689,0.4142,40,3142
Clay-v1.5,OK,0.5611,0.3313,0.3942,0.3468,40,1178
Clay-v1.5,OR,0.433,0.1403,0.1985,0.4118,33,980
Clay-v1.5,PA,0.6742,0.3751,0.5146,0.4406,5,3374
Clay-v1.5,RI,0.5149,0.4054,0.3998,0.4072,40,246
Clay-v1.5,SC,0.5598,0.2864,0.3862,0.3918,40,1312
Clay-v1.5,SD,0.4072,0.2018,0.2513,0.1662,33,242
Clay-v1.5,TN,0.5447,0.2601,0.3549,0.3988,33,1662
Clay-v1.5,TX,0.536,0.3084,0.3599,0.4587,33,5784
Clay-v1.5,UT,0.372,0.2248,0.2323,0.3674,40,710
Clay-v1.5,VA,0.518,0.1491,0.3296,0.4563,40,2162
Clay-v1.5,VT,0.3399,0.0734,0.0967,0.1938,33,191
Clay-v1.5,WA,0.4587,0.1388,0.2004,0.4532,33,1764
Clay-v1.5,WI,0.5683,0.2824,0.4295,0.4892,40,1472
Clay-v1.5,WV,0.5298,0.1708,0.3076,0.2567,40,545
Clay-v1.5,WY,0.2146,0.1263,0.0956,0.0378,33,147
OlmoEarth-1.2 Base,AL,0.578,0.2541,0.408,0.452,40,1411
OlmoEarth-1.2 Base,AR,0.5308,0.1996,0.3394,0.419,40,807
OlmoEarth-1.2 Base,AZ,0.4999,0.3386,0.3682,0.5233,40,1702
OlmoEarth-1.2 Base,CA,0.5549,0.3427,0.4292,0.5149,40,8818
OlmoEarth-1.2 Base,CO,0.4363,0.2135,0.2426,0.4543,33,1419
OlmoEarth-1.2 Base,DC,0.5639,0.3061,0.36,0.4253,40,206
OlmoEarth-1.2 Base,DE,0.433,0.1668,0.3564,0.3912,40,257
OlmoEarth-1.2 Base,FL,0.426,0.1989,0.2981,0.5171,33,5075
OlmoEarth-1.2 Base,GA,0.5473,0.2405,0.3749,0.5402,40,2783
OlmoEarth-1.2 Base,IA,0.52,0.1924,0.3604,0.3196,40,873
OlmoEarth-1.2 Base,ID,0.4301,0.226,0.2597,0.3378,40,439
OlmoEarth-1.2 Base,IL,0.5657,0.2283,0.3883,0.5674,40,3217
OlmoEarth-1.2 Base,IN,0.5509,0.254,0.4172,0.4761,40,1685
OlmoEarth-1.2 Base,KS,0.5474,0.339,0.416,0.5197,40,811
OlmoEarth-1.2 Base,KY,0.7129,0.3098,0.5097,0.4321,5,1213
OlmoEarth-1.2 Base,LA,0.5994,0.2909,0.4153,0.4257,40,1319
OlmoEarth-1.2 Base,MA,0.5576,0.314,0.3845,0.5076,40,1593
OlmoEarth-1.2 Base,MD,0.5178,0.1483,0.3752,0.4766,40,1458
OlmoEarth-1.2 Base,ME,0.4497,0.2253,0.2457,0.4199,40,400
OlmoEarth-1.2 Base,MI,0.5883,0.2879,0.4686,0.5575,40,2844
OlmoEarth-1.2 Base,MN,0.4899,0.2677,0.337,0.3878,40,1499
OlmoEarth-1.2 Base,MO,0.5417,0.2821,0.3755,0.4959,40,1630
OlmoEarth-1.2 Base,MS,0.5911,0.2489,0.4112,0.3339,40,854
OlmoEarth-1.2 Base,MT,0.4015,0.2877,0.2169,0.2445,40,317
OlmoEarth-1.2 Base,NC,0.5556,0.2723,0.3889,0.532,40,2647
OlmoEarth-1.2 Base,ND,0.3112,0.1012,0.1874,0.2581,40,225
OlmoEarth-1.2 Base,NE,0.5141,0.28,0.3525,0.4753,40,550
OlmoEarth-1.2 Base,NH,0.3765,0.1655,0.2032,0.2885,40,347
OlmoEarth-1.2 Base,NJ,0.5592,0.3113,0.4464,0.4982,40,2115
OlmoEarth-1.2 Base,NM,0.5367,0.2556,0.315,0.3893,40,592
OlmoEarth-1.2 Base,NV,0.5259,0.3442,0.4178,0.504,40,765
OlmoEarth-1.2 Base,NY,0.4981,0.2297,0.3856,0.4708,40,5017
OlmoEarth-1.2 Base,OH,0.6149,0.311,0.4689,0.4864,40,3142
OlmoEarth-1.2 Base,OK,0.5611,0.3313,0.3942,0.4453,40,1178
OlmoEarth-1.2 Base,OR,0.433,0.1403,0.1985,0.4619,33,980
OlmoEarth-1.2 Base,PA,0.674,0.3788,0.5089,0.4746,5,3373
OlmoEarth-1.2 Base,RI,0.5149,0.4054,0.3998,0.4659,40,246
OlmoEarth-1.2 Base,SC,0.5598,0.2864,0.3862,0.452,40,1312
OlmoEarth-1.2 Base,SD,0.4072,0.2018,0.2513,0.1858,33,242
OlmoEarth-1.2 Base,TN,0.5447,0.2601,0.3549,0.4943,33,1662
OlmoEarth-1.2 Base,TX,0.5311,0.3171,0.372,0.5337,33,6764
OlmoEarth-1.2 Base,UT,0.372,0.2248,0.2323,0.4247,40,710
OlmoEarth-1.2 Base,VA,0.518,0.1491,0.3296,0.4985,40,2162
OlmoEarth-1.2 Base,VT,0.3399,0.0734,0.0967,0.2377,33,191
OlmoEarth-1.2 Base,WA,0.4587,0.1388,0.2004,0.4928,33,1764
OlmoEarth-1.2 Base,WI,0.5683,0.2824,0.4295,0.4927,40,1472
OlmoEarth-1.2 Base,WV,0.5298,0.1708,0.3076,0.2908,40,545
OlmoEarth-1.2 Base,WY,0.2532,0.1172,0.1125,0.0894,33,146
OlmoEarth-1.2 Nano,AL,0.578,0.2541,0.408,0.3122,40,1411
OlmoEarth-1.2 Nano,AR,0.5308,0.1996,0.3394,0.2985,40,807
OlmoEarth-1.2 Nano,AZ,0.4999,0.3386,0.3682,0.4487,40,1702
OlmoEarth-1.2 Nano,CA,0.5549,0.3427,0.4292,0.4175,40,8818
OlmoEarth-1.2 Nano,CO,0.4363,0.2135,0.2426,0.3649,33,1419
OlmoEarth-1.2 Nano,DC,0.5639,0.3061,0.36,0.3357,40,206
OlmoEarth-1.2 Nano,DE,0.433,0.1668,0.3564,0.3674,40,257
OlmoEarth-1.2 Nano,FL,0.426,0.1989,0.2981,0.4032,33,5075
OlmoEarth-1.2 Nano,GA,0.5473,0.2405,0.3749,0.4229,40,2783
OlmoEarth-1.2 Nano,IA,0.52,0.1924,0.3604,0.2685,40,873
OlmoEarth-1.2 Nano,ID,0.4301,0.226,0.2597,0.2693,40,439
OlmoEarth-1.2 Nano,IL,0.5657,0.2283,0.3883,0.4653,40,3217
OlmoEarth-1.2 Nano,IN,0.5509,0.254,0.4172,0.3787,40,1685
OlmoEarth-1.2 Nano,KS,0.5474,0.339,0.416,0.4082,40,811
OlmoEarth-1.2 Nano,KY,0.7129,0.3098,0.5097,0.3483,5,1213
OlmoEarth-1.2 Nano,LA,0.5994,0.2909,0.4153,0.3045,40,1319
OlmoEarth-1.2 Nano,MA,0.5576,0.314,0.3845,0.4015,40,1593
OlmoEarth-1.2 Nano,MD,0.5178,0.1483,0.3752,0.4122,40,1458
OlmoEarth-1.2 Nano,ME,0.4497,0.2253,0.2457,0.3555,40,400
OlmoEarth-1.2 Nano,MI,0.5883,0.2879,0.4686,0.4611,40,2844
OlmoEarth-1.2 Nano,MN,0.4899,0.2677,0.337,0.3301,40,1499
OlmoEarth-1.2 Nano,MO,0.5417,0.2821,0.3755,0.3792,40,1630
OlmoEarth-1.2 Nano,MS,0.5911,0.2489,0.4112,0.2261,40,854
OlmoEarth-1.2 Nano,MT,0.4015,0.2877,0.2169,0.1675,40,317
OlmoEarth-1.2 Nano,NC,0.5556,0.2723,0.3889,0.4041,40,2647
OlmoEarth-1.2 Nano,ND,0.3112,0.1012,0.1874,0.2239,40,225
OlmoEarth-1.2 Nano,NE,0.5141,0.28,0.3525,0.3102,40,550
OlmoEarth-1.2 Nano,NH,0.3765,0.1655,0.2032,0.2438,40,347
OlmoEarth-1.2 Nano,NJ,0.5592,0.3113,0.4464,0.4065,40,2115
OlmoEarth-1.2 Nano,NM,0.5367,0.2556,0.315,0.3059,40,592
OlmoEarth-1.2 Nano,NV,0.5259,0.3442,0.4178,0.435,40,765
OlmoEarth-1.2 Nano,NY,0.4981,0.2297,0.3856,0.4053,40,5017
OlmoEarth-1.2 Nano,OH,0.6149,0.311,0.4689,0.376,40,3142
OlmoEarth-1.2 Nano,OK,0.5611,0.3313,0.3942,0.3298,40,1178
OlmoEarth-1.2 Nano,OR,0.433,0.1403,0.1985,0.3972,33,980
OlmoEarth-1.2 Nano,PA,0.674,0.3788,0.5089,0.4316,5,3373
OlmoEarth-1.2 Nano,RI,0.5149,0.4054,0.3998,0.399,40,246
OlmoEarth-1.2 Nano,SC,0.5598,0.2864,0.3862,0.3206,40,1312
OlmoEarth-1.2 Nano,SD,0.4072,0.2018,0.2513,0.1489,33,242
OlmoEarth-1.2 Nano,TN,0.5447,0.2601,0.3549,0.3563,33,1662
OlmoEarth-1.2 Nano,TX,0.5311,0.3171,0.372,0.4207,33,6764
OlmoEarth-1.2 Nano,UT,0.372,0.2248,0.2323,0.3499,40,710
OlmoEarth-1.2 Nano,VA,0.518,0.1491,0.3296,0.4274,40,2162
OlmoEarth-1.2 Nano,VT,0.3399,0.0734,0.0967,0.1687,33,191
OlmoEarth-1.2 Nano,WA,0.4587,0.1388,0.2004,0.422,33,1764
OlmoEarth-1.2 Nano,WI,0.5683,0.2824,0.4295,0.415,40,1472
OlmoEarth-1.2 Nano,WV,0.5298,0.1708,0.3076,0.232,40,545
OlmoEarth-1.2 Nano,WY,0.2532,0.1172,0.1125,0.1046,33,146
Prithvi-EO-2.0 300M-TL,AL,0.5742,0.2797,0.4135,0.2574,40,1430
Prithvi-EO-2.0 300M-TL,AR,0.5393,0.2141,0.3118,0.2355,40,718
Prithvi-EO-2.0 300M-TL,AZ,0.4998,0.3213,0.3842,0.3711,40,1738
Prithvi-EO-2.0 300M-TL,CA,0.5114,0.245,0.3361,0.1697,40,3135
Prithvi-EO-2.0 300M-TL,CO,0.4156,0.2385,0.2238,0.2847,33,1431
Prithvi-EO-2.0 300M-TL,DC,0.5986,0.3484,0.4422,0.1775,40,190
Prithvi-EO-2.0 300M-TL,DE,0.4146,0.1706,0.3357,0.287,40,256
Prithvi-EO-2.0 300M-TL,FL,0.4309,0.1968,0.3042,0.231,33,5059
Prithvi-EO-2.0 300M-TL,GA,0.5456,0.235,0.3787,0.3096,40,2780
Prithvi-EO-2.0 300M-TL,IA,0.525,0.1776,0.3384,0.2067,40,894
Prithvi-EO-2.0 300M-TL,ID,0.429,0.2153,0.2663,0.2464,40,449
Prithvi-EO-2.0 300M-TL,IL,0.5649,0.2237,0.3942,0.377,40,3187
Prithvi-EO-2.0 300M-TL,IN,0.5509,0.254,0.4172,0.31,40,1685
Prithvi-EO-2.0 300M-TL,KS,0.5498,0.3345,0.4106,0.3528,40,816
Prithvi-EO-2.0 300M-TL,KY,0.7132,0.3033,0.5218,0.2878,5,1299
Prithvi-EO-2.0 300M-TL,LA,0.6071,0.2845,0.4172,0.2047,40,1365
Prithvi-EO-2.0 300M-TL,MA,0.5656,0.3154,0.3875,0.3279,40,1567
Prithvi-EO-2.0 300M-TL,MD,0.5101,0.1781,0.3862,0.3109,40,1444
Prithvi-EO-2.0 300M-TL,ME,0.4497,0.2253,0.2457,0.3393,40,400
Prithvi-EO-2.0 300M-TL,MI,0.5965,0.285,0.4645,0.3297,40,2900
Prithvi-EO-2.0 300M-TL,MN,0.4833,0.2517,0.3508,0.3164,40,1498
Prithvi-EO-2.0 300M-TL,MO,0.5454,0.2784,0.3717,0.2549,40,1648
Prithvi-EO-2.0 300M-TL,MS,0.5841,0.2384,0.3989,0.1956,40,870
Prithvi-EO-2.0 300M-TL,MT,0.4015,0.2877,0.2169,0.135,40,317
Prithvi-EO-2.0 300M-TL,NC,0.5556,0.2723,0.3889,0.3294,40,2647
Prithvi-EO-2.0 300M-TL,ND,0.3013,0.1555,0.2042,0.1976,40,228
Prithvi-EO-2.0 300M-TL,NE,0.4982,0.3051,0.392,0.2659,40,551
Prithvi-EO-2.0 300M-TL,NH,0.4039,0.2431,0.2558,0.2542,40,346
Prithvi-EO-2.0 300M-TL,NJ,0.5543,0.2915,0.4395,0.3327,40,2135
Prithvi-EO-2.0 300M-TL,NM,0.5377,0.2435,0.3357,0.264,40,602
Prithvi-EO-2.0 300M-TL,NV,0.518,0.3313,0.4191,0.2418,40,766
Prithvi-EO-2.0 300M-TL,NY,0.4916,0.21560000000000001,0.3724,0.2995,40,4685
Prithvi-EO-2.0 300M-TL,OH,0.61240000000000006,0.3049,0.4669,0.3137,40,3154
Prithvi-EO-2.0 300M-TL,OK,0.5573,0.2999,0.4032,0.259,40,1197
Prithvi-EO-2.0 300M-TL,OR,0.4324,0.1406,0.215,0.3421,33,990
Prithvi-EO-2.0 300M-TL,PA,0.6758,0.373,0.5214,0.318,5,3382
Prithvi-EO-2.0 300M-TL,RI,0.5149,0.4054,0.3998,0.3344,40,246
Prithvi-EO-2.0 300M-TL,SC,0.5598,0.2864,0.3862,0.2703,40,1312
Prithvi-EO-2.0 300M-TL,SD,0.4072,0.2018,0.2513,0.0799,33,242
Prithvi-EO-2.0 300M-TL,TN,0.5539,0.227,0.3507,0.2834,33,1681
Prithvi-EO-2.0 300M-TL,TX,0.5267,0.3129,0.3735,0.3195,33,6792
Prithvi-EO-2.0 300M-TL,UT,0.372,0.2248,0.2323,0.2694,40,710
Prithvi-EO-2.0 300M-TL,VA,0.5272,0.1601,0.3322,0.3606,40,2153
Prithvi-EO-2.0 300M-TL,VT,0.3427,0.0738,0.0926,0.0724,33,192
Prithvi-EO-2.0 300M-TL,WA,0.4523,0.1629,0.2098,0.363,33,1757
Prithvi-EO-2.0 300M-TL,WI,0.5449,0.2907,0.4197,0.4315,40,1514
Prithvi-EO-2.0 300M-TL,WV,0.5298,0.1708,0.3076,0.2478,40,545
Prithvi-EO-2.0 300M-TL,WY,0.2736,0.1543,0.143,0.0516,33,159
Prithvi-EO-2.0 Tiny-TL,AL,0.5742,0.2797,0.4135,0.1839,40,1430
Prithvi-EO-2.0 Tiny-TL,AR,0.5393,0.2141,0.3118,0.1406,40,718
Prithvi-EO-2.0 Tiny-TL,AZ,0.4998,0.3213,0.3842,0.2918,40,1738
Prithvi-EO-2.0 Tiny-TL,CA,0.5114,0.245,0.3361,0.1277,40,3135
Prithvi-EO-2.0 Tiny-TL,CO,0.4156,0.2385,0.2238,0.2193,33,1431
Prithvi-EO-2.0 Tiny-TL,DC,0.5986,0.3484,0.4422,0.0177,40,190
Prithvi-EO-2.0 Tiny-TL,DE,0.4146,0.1706,0.3357,0.2229,40,256
Prithvi-EO-2.0 Tiny-TL,FL,0.4309,0.1968,0.3042,0.1856,33,5059
Prithvi-EO-2.0 Tiny-TL,GA,0.5456,0.235,0.3787,0.2563,40,2780
Prithvi-EO-2.0 Tiny-TL,IA,0.525,0.1776,0.3384,0.1485,40,894
Prithvi-EO-2.0 Tiny-TL,ID,0.429,0.2153,0.2663,0.231,40,449
Prithvi-EO-2.0 Tiny-TL,IL,0.5649,0.2237,0.3942,0.2874,40,3187
Prithvi-EO-2.0 Tiny-TL,IN,0.5509,0.254,0.4172,0.2555,40,1685
Prithvi-EO-2.0 Tiny-TL,KS,0.5498,0.3345,0.4106,0.2855,40,816
Prithvi-EO-2.0 Tiny-TL,KY,0.7132,0.3033,0.5218,0.251,5,1299
Prithvi-EO-2.0 Tiny-TL,LA,0.6071,0.2845,0.4172,0.1344,40,1365
Prithvi-EO-2.0 Tiny-TL,MA,0.5656,0.3154,0.3875,0.2602,40,1567
Prithvi-EO-2.0 Tiny-TL,MD,0.5101,0.1781,0.3862,0.2456,40,1444
Prithvi-EO-2.0 Tiny-TL,ME,0.4497,0.2253,0.2457,0.2891,40,400
Prithvi-EO-2.0 Tiny-TL,MI,0.5965,0.285,0.4645,0.2705,40,2900
Prithvi-EO-2.0 Tiny-TL,MN,0.4833,0.2517,0.3508,0.2502,40,1498
Prithvi-EO-2.0 Tiny-TL,MO,0.5454,0.2784,0.3717,0.18,40,1648
Prithvi-EO-2.0 Tiny-TL,MS,0.5841,0.2384,0.3989,0.1275,40,870
Prithvi-EO-2.0 Tiny-TL,MT,0.4015,0.2877,0.2169,0.1353,40,317
Prithvi-EO-2.0 Tiny-TL,NC,0.5556,0.2723,0.3889,0.2682,40,2647
Prithvi-EO-2.0 Tiny-TL,ND,0.3013,0.1555,0.2042,0.0994,40,228
Prithvi-EO-2.0 Tiny-TL,NE,0.4982,0.3051,0.392,0.1514,40,551
Prithvi-EO-2.0 Tiny-TL,NH,0.4039,0.2431,0.2558,0.201,40,346
Prithvi-EO-2.0 Tiny-TL,NJ,0.5543,0.2915,0.4395,0.2833,40,2135
Prithvi-EO-2.0 Tiny-TL,NM,0.5377,0.2435,0.3357,0.2372,40,602
Prithvi-EO-2.0 Tiny-TL,NV,0.518,0.3313,0.4191,0.2462,40,766
Prithvi-EO-2.0 Tiny-TL,NY,0.4916,0.21560000000000001,0.3724,0.2361,40,4685
Prithvi-EO-2.0 Tiny-TL,OH,0.61240000000000006,0.3049,0.4669,0.2373,40,3154
Prithvi-EO-2.0 Tiny-TL,OK,0.5573,0.2999,0.4032,0.1429,40,1197
Prithvi-EO-2.0 Tiny-TL,OR,0.4324,0.1406,0.215,0.2829,33,990
Prithvi-EO-2.0 Tiny-TL,PA,0.6758,0.373,0.5214,0.2552,5,3382
Prithvi-EO-2.0 Tiny-TL,RI,0.5149,0.4054,0.3998,0.2996,40,246
Prithvi-EO-2.0 Tiny-TL,SC,0.5598,0.2864,0.3862,0.2295,40,1312
Prithvi-EO-2.0 Tiny-TL,SD,0.4072,0.2018,0.2513,-0.0708,33,242
Prithvi-EO-2.0 Tiny-TL,TN,0.5539,0.227,0.3507,0.2162,33,1681
Prithvi-EO-2.0 Tiny-TL,TX,0.5267,0.3129,0.3735,0.2291,33,6792
Prithvi-EO-2.0 Tiny-TL,UT,0.372,0.2248,0.2323,0.2123,40,710
Prithvi-EO-2.0 Tiny-TL,VA,0.5272,0.1601,0.3322,0.304,40,2153
Prithvi-EO-2.0 Tiny-TL,VT,0.3427,0.0738,0.0926,-0.0606,33,192
Prithvi-EO-2.0 Tiny-TL,WA,0.4523,0.1629,0.2098,0.3295,33,1757
Prithvi-EO-2.0 Tiny-TL,WI,0.5449,0.2907,0.4197,0.349,40,1514
Prithvi-EO-2.0 Tiny-TL,WV,0.5298,0.1708,0.3076,0.1929,40,545
Prithvi-EO-2.0 Tiny-TL,WY,0.2736,0.1543,0.143,0.0418,33,159
