GEOID,prediction_id,status
44005040105,bb3b4689-1eb1-43cf-8ece-58a0e56f4128,done
44005040104,67b214be-5534-4682-b811-6e857273c4fa,done
44009050702,e251b9e9-dff4-483f-a5fb-d6b6953a4a43,done
44009050701,870b2801-b485-4aa9-8690-d7d4d1f1f220,done
44007000301,677c9cf3-e42e-45cf-a904-d0ed268f9522,done
44007002802,9c586409-e95a-4adc-b1af-7868ca83d259,done
44007001601,f809b855-7a11-454f-99c5-5865250d4379,done
44007001602,24279a19-bd80-45b6-94fa-3f96643512a2,done
44007011404,2b43a16d-0438-4123-8976-eea50588b18f,done
44007000302,caff66dd-3d72-4951-be93-1914b0ad36b9,done
44007002801,e8eb678e-4768-4b8d-bc2d-6b68fa0e4313,done
44007011405,942def68-d566-4afc-b8e9-5271bf62a830,done
44005040900,3a3acbae-5909-4cad-9679-c56a384fd139,done
44007002101,dc31bb8b-9ddd-45f9-93da-ad139751846e,done
44007002102,d0791fd9-25c9-494b-bda1-c60249425723,done
44007012104,f0974c74-fe92-41e5-81d6-d2998bcf2e31,done
44007011902,b5fd28c3-ea6c-4201-b376-2d8967a6cb9a,done
44007011901,eef639e0-1928-4bec-9844-e2268d4a5ce6,done
44007012103,8305f1a9-fe59-47dc-ab6b-801a92a8cedc,done
44009050500,f7c12245-c842-40ae-9ff9-1e4f9871b1f5,done
44009050103,17f9f482-ccaf-4746-845d-8f9ff47b5264,done
44009050901,8e3407e4-05a9-4801-89cc-98a72ccfaef0,done
44009050600,1a1f4932-7c46-4d60-bfd9-09a6540770fa,done
44009051304,8ab0b00f-acb9-43c0-9267-674e95a23d90,done
44009051306,28ed71e6-826a-48a5-ba09-2a4728bf93f0,done
44009050801,3cd5cd2f-896a-4923-95e2-1c4662e726d4,done
44009051502,fb44ada2-32d2-4e88-a09d-4d024e50610a,done
44005041200,e51a9105-eb4b-4205-b6bd-c5015e802efc,done
44005040303,1ecdd7e1-0d27-4b03-821e-16c40e1ead43,done
44009041500,c264a93f-7dd6-45a7-aaa7-4b9d1e4e6a9d,done
44009051305,6353528f-6d55-4792-a709-cfbf1631d91d,done
44009050402,e38a05d3-691f-40c0-9c0e-d5ddfc6af5f0,done
44009050102,ac18a85c-87a0-42c7-b1a9-8a2e961c655e,done
44009051000,81c815b9-513c-479c-ae35-b768e35f5fd6,done
44009050302,e7136ea0-0d8b-4604-80bc-a347f0023c85,done
44009051202,1525b0b5-7bd7-45c4-9a35-19c138d9dd7e,done
44009051201,76dd06b4-858a-4eea-95df-8aa5f5e2e002,done
44009990200,6da3a047-5a06-4c76-b21d-6dfba139c4ce,done
44009990100,685ffb6a-dc23-4042-9c62-9a00cc81f4ef,done
44005040304,27e7ef45-e9fd-4c4d-a8fc-15dbfe35978e,done
44005040102,65985946-208b-4761-82e0-e47cf34675ba,done
44005040302,7a1a530e-9b8b-46f6-8b3b-735195bf7fb0,done
44005040400,dc47756a-689f-4c53-b51e-e0a8dc40b068,done
44005041000,8dc87d8a-6676-40cb-a3d2-9f43fd3593db,done
44005041602,8a8c3ea2-7c25-4160-9a12-00eeebba0243,done
44005040101,f64218df-0a56-41ed-acc1-5ec8dacabdc0,done
44005040200,92d25a08-c081-4f7b-9c1d-714bb4af505b,done
44005040500,0034ac81-4be4-4752-b940-ddf8b05d16d4,done
44005041100,74d73de1-5c17-449a-9ef8-71bd10abe2a0,done
44005041400,a54bc4cb-cdd1-41d3-b09b-62c593c1689b,done
44005041601,2b0b292c-9dc8-488a-b4af-14c923917147,done
44005040600,c9f0b9d5-9306-40f0-b5ca-950bad58fe22,done
44005040700,6be7716d-f237-4364-b0e9-7dbfe32b9e09,done
44005040800,99319161-ecf2-4962-a3de-e56931a570dc,done
44005990000,dacf45bd-6714-45c1-aecf-ac2ce4502a3e,done
44005041300,2fc4b234-10fe-4cf7-af68-cd4fad882211,done
44009051400,e1fa3833-05d0-4e6b-b8d5-02a51128a053,done
44009051504,46733375-637c-4ac8-8f73-aee5176ffc9d,done
44003021002,b527d02e-a8f7-4597-90fd-9c107235264a,done
44003021300,967362fc-9f46-4774-a939-b776563d0db7,done
44003021100,59c925f0-2b1f-4979-8c3a-aa3064b847ab,done
44003020904,3d911e28-a12b-4710-b225-64ea2c1907d5,done
44003020200,fc34f813-cdb8-42a7-8470-f9774e546d12,done
44003020903,4721dc76-c8dd-461a-b34e-ebba7a9466ae,done
44003021001,feaa4149-d085-4a70-80c8-3d7b8b2da11b,done
44003980000,793a370e-64c5-49a1-a137-1a767f73ed21,done
44003020604,81a96273-0b9c-4f02-82e5-53f62ca13d86,done
44003020601,7279202f-0e92-43e5-8d55-5d9e36953861,done
44003020800,44f667c3-60c8-4469-b147-e560dcd5d700,done
44003022000,ba8d0527-42db-4b20-9fe6-b811c46184c9,done
44003020400,43a47346-089d-492e-b000-10e26eac1fe6,done
44003020703,9924803f-d978-460a-874d-3f637498cf3f,done
44003020602,462cdacc-7b38-4161-99cf-4763765bc2d4,done
44003020102,68da8cf0-dc4e-4eb3-b6d0-93b51dd42028,done
44003021800,aba06a89-cfab-493a-908f-d13ed56d0173,done
44003022400,54219999-4f2e-40db-b765-4a360c2686dc,done
44003021502,c32eaf7e-2850-43b1-b595-8cc2d5baad13,done
44003022100,385087d3-85bd-4190-be53-7db64fe35d6c,done
44003022300,166928bf-5e25-4b18-bbf3-9cb78f357937,done
44003020701,00d6843a-af71-4855-8253-34652ee724e8,done
44003020702,4c2ab582-59d0-4cf6-a56a-4ba1b94871a9,done
44003021600,542857f5-cf89-4f91-9db2-1afbb0fcb554,done
44003022201,fe1f0845-17c1-48e6-8b6b-ad3db728b63d,done
44003020500,b7ad7afd-fb67-4c35-845a-e7c355aa1e23,done
44003020300,84a5615f-62b7-475a-a42a-ad499f05e31d,done
44003021401,85de3175-2c37-415b-8217-749e24c8ee0b,done
44003020101,62a6a145-08bf-4160-9693-8d1e0e68d0fe,done
44003020603,3e6e502d-f177-4c72-847c-282da0ed8a78,done
44003021200,8288b49a-3e9e-46af-b4a2-4d7359be5470,done
44003020901,5e8193d5-14fd-4e06-b456-b6e256ee0bf0,done
44003021402,c3d5e78a-5a08-4b4a-81c9-996d5cd1eb86,done
44007018100,d8b84cfe-3a17-44e5-a929-15972d83382f,done
44007018200,d4fe5ab8-e7b0-44e2-91d1-840d9d8542d2,done
44007018300,90714987-f019-453b-9ba7-1f02055c5861,done
44007013800,d219fb32-abd8-402a-af33-cd4b43ea6fd7,done
44001030300,2b3fbb64-699b-40c2-8f60-8626c0697c8c,done
44001030100,f337962e-c055-4c73-98d4-ec999ccc2172,done
44001030400,92e202ee-9b64-4ec1-8072-2bd2454c9b15,done
44001030200,368c79a8-4fc8-4e0c-ba4e-0ad7001e85bd,done
44001030500,7995c2cf-0d28-404b-9c8c-270666793139,done
44001030601,98868a65-8e4c-4d90-996a-c4b55fffe645,done
44001030602,4a32a6ec-21c1-4f34-ba44-4a7b910cf28b,done
44001030700,0cd20701-51fc-4b63-babc-c3ff57359a0c,done
44001030800,a3742ed5-9dfb-4e5a-9842-d9ebdb2ad104,done
44001030901,1a02c93d-0327-4793-a5f4-449e2a097397,done
44001030902,93ff1cb0-676a-4be3-aab4-46e4e1aa2132,done
44007010600,da8d7c03-1bca-44fd-b998-96ee43ca4010,done
44007010701,15bac0a4-157b-4f7e-8d2e-fb5b14a5cb5c,done
44007010702,e9759f9e-4a47-4c54-88d3-2cb77e148662,done
44007010800,4bdbf044-dc8c-41ba-94ff-b5bc5f7e442b,done
44007010900,a4f277cb-afe4-4bd2-90de-6008b98b5658,done
44007011000,707c193b-9ce3-40a6-9361-18ac05966f16,done
44007011100,9ed74ca2-3df4-4fbb-86c3-189d20630614,done
44007011403,6f2a2ffb-e681-4abf-a573-c87e040be456,done
44007011800,c1be6bf2-e797-4513-9682-0ddf79f67cc1,done
44007012000,276f7906-47f9-424c-9afa-cb338ead081d,done
44009050902,4f877f80-87c2-41ce-9f25-57e1454f0c7d,done
44009051503,aebddb6a-0066-4f9b-8d3f-3d2d2bc3f4e4,done
44009051101,7fe3778b-8c3a-4a49-887a-9a592c3f7903,done
44009051302,474021fc-27d7-43fc-8038-786e65b452af,done
44009050104,80cd6a5c-86b8-43c8-97c2-379498adef33,done
44009050802,47589bf1-a775-45d4-afef-db7ddb846641,done
44009051102,3224fb8c-5f34-4afc-b83c-7f3c4fa0e0c3,done
44009050301,d2bda72c-5a14-4016-95d6-62c1d3dfff6d,done
44009050401,c6b64879-36c8-432e-ad44-fa2176f9650b,done
44007012102,a61cfebc-ad2e-48ba-b629-4009d8786ee0,done
44007012402,4520f7dc-2a85-4d72-85fa-c523fd6fd352,submitted
44007012602,365cdb51-25d3-4ada-8c50-8f5ca44e07b4,done
44007012802,b2bb1882-4899-4305-9c9c-c7a44df585f4,done
44007013300,7c1dd01b-6007-4cd5-927d-9f8f3bd939b7,done
44007013400,cf4f239b-ace1-47ec-bdee-af77dd868546,done
44007013500,ff820b68-557c-4d69-af3e-2f69e73f9189,done
44007013600,502182c8-789f-4138-bb9c-872ebfa8dadc,done
44007013701,eb053b90-c822-4a13-b31f-98f6094f54de,done
44007013702,fec24822-58d4-4ef6-ae19-f27eda9add54,done
44007014100,bd92f30d-cd08-4963-921e-0aa02acba7d5,done
44007014200,76d4fc38-83a0-4884-8fe7-4f458663f420,done
44003021901,72060f6e-ec04-43eb-a39b-aa248811bbda,done
44003021902,22b5c2ed-7b53-477f-a5c6-bcae9f0d72fc,done
44003022202,2c03386c-4b0f-40ff-828c-3fcd35195263,done
44003021501,5732c51f-64f7-47a0-a6ab-6dc7c6eb6943,done
44003021700,d90fc90e-0029-49e7-879f-4c0be126ba93,done
44003021903,b2376fe3-34eb-48ef-aa81-66025e186582,done
44007014400,d7056ebc-e6b2-48f1-8a29-9bbc10496f44,done
44007014502,a326797b-8170-40a0-981f-48af42b8f10e,done
44007014800,22a1f2bd-12f7-4275-b3fe-898430869254,done
44007015000,b9fabd29-954f-49bb-8e85-637620313c17,done
44007015100,7c642b14-2475-454d-95d2-b0cc1d18bcbe,done
44007015200,4b61314c-7e16-4b64-921b-092bed72e387,done
44007015300,a417c3d4-a02a-45fb-9953-5d5d85ca8df0,done
44007015400,9a0c40bd-1738-4ffd-a57b-1f8a70b3ffa2,done
44007015500,9eb64e9c-9f2d-4d39-a968-883a0f5cd6f9,done
44007015700,11cc9a9d-172c-4577-84f8-4d5551354134,done
44007015800,72b074a4-ec58-442a-a6cf-51127e93165e,done
44007016000,4e39bdc2-a1fc-4fc6-8626-295524085892,done
44007016100,e27f9ab7-5544-4fa6-891c-9495d2a906d7,done
44007016300,a16e474d-6a86-4340-ba8c-f67dcb3d1b60,done
44007011701,8b80fac9-6c69-401c-9eb1-2067efd3c7ec,done
44007012300,a7431a14-4de7-4d40-8da8-d36f13c2532c,done
44007013102,19f4685c-1649-4b3e-a151-a5733b65d7c0,done
44007012601,8506bc9d-b1ea-49ae-a47f-42494ecb9251,done
44007014600,838c53f7-147c-4cce-b4ad-d63b88a529d6,done
44007014501,c2f3eba3-0092-44d3-8085-d0334bc9acfa,done
44007010300,19ad35bc-64ee-4bc9-960e-d40815c31a74,done
44007012401,c82c4d86-9470-48a0-8515-7bfa09c0a20e,done
44007011600,c9455c52-7aee-4aa6-906b-aaa83446afe2,done
44007003601,600dde51-4ba3-4f3e-b45e-c76f774e7ca3,done
44007013202,f73bf0d1-d871-4cfa-827d-126c6c09e103,done
44007013900,b0563d62-82d0-4c05-aeb0-73972b1b7385,done
44007011702,9bb3d4f7-d0d3-4ae0-b59e-e3ae24403e92,done
44007016500,8b0fa8b8-ee6f-4a8c-b30f-9a030f9b87c1,done
44007012803,6554e69c-996a-442b-a3a8-c42983932476,done
44007012801,e3725030-edb5-4bec-9306-02e8abc73b3b,done
44007011302,7e3aaaa5-d187-4e7b-9932-42598a589c09,done
44007001700,c897ba60-2154-45f8-a6a9-1d66478b3ef7,done
44007003200,bf2f8701-cb0a-4a89-8330-c6b98398b34b,done
44007014000,2aee056a-041b-46cb-a0f0-fa3ee8386c1e,done
44007016400,00eb279f-af5f-49d3-949d-aca3267e4824,done
44007016600,03f7c9d9-3d3e-4c48-aed6-5e08a71f3ccd,done
44007016700,81e5fba3-979a-403f-93d4-cf9c8746b911,done
44007016800,65bb56ad-80f3-4988-acd3-6c1b2a8211aa,done
44007016900,05f2fa80-4a37-4d1d-9206-32deab9208ff,done
44007017000,c0b6fc25-d4a9-4c7f-9f5a-2284eb98bea8,done
44007017100,61790e62-2072-4746-b48a-984a7ac3cf25,done
44007017300,bd32aa33-d658-498f-84d0-fc7f37b631b1,submitted
44007010502,58b65605-09b6-4d6d-8229-e93b47386599,done
44007011200,8251d0cf-f75e-4ae9-ac3d-ddf944d7b939,done
44007018500,e9b4bc6b-b351-4c11-9b3e-98141602ceb8,done
44007013001,c696365a-d127-44ac-9572-3afa6e67593f,done
44007011500,3768bb59-66ba-41b4-87be-aea64d09399e,done
44007013201,4c8cce06-9278-4747-ae13-bc6fa3fe4dd9,done
44007012500,ea899c09-ed88-48b9-9043-457081db31e1,done
44007010102,d300da70-0833-4142-88dd-c5e06733bb91,done
44007017400,2fdc0a4a-6be5-4583-ba8a-a48dc4c8a0dc,done
44007011402,663099b6-4708-46f4-b0f5-b4297da36861,done
44007012200,5155d4b5-fe7b-461e-a8c5-fd839944c856,done
44007011301,c4e40477-a720-42d0-a3c2-b88ca5869516,done
44007017500,8fcc12c5-6e2c-4fad-8fe5-55929155967d,done
44007017600,21f025e0-b45e-4465-b91e-3f48ae367c89,done
44007017700,89def687-33c2-4772-91cb-bf2cb67b4042,done
44007017800,d6f8a281-25ae-499e-a62d-2f658193ba91,done
44007017900,53af75ef-dbcc-4a64-8da4-8e45d7aac1ff,done
44007018000,f040e327-8f1b-432c-acf0-c2079637c09c,done
44007012702,b038cedd-bc96-41bf-aa75-17fa84334c51,done
44007013002,346620f4-f002-4012-ae04-32558a5a3809,done
44007015900,67d39adb-b75f-482a-8499-fd371811b6f4,done
44007002000,d4a0f81b-4cf4-4d2d-9243-0c8d35c5ce48,done
44007012701,c36a805b-5bbc-4fe0-b5e4-bdbc28b8ede3,done
44007014300,c6d4d743-ea77-4c4f-aa22-e6a46d6dc6c4,done
44007000101,350605cb-d39f-4e64-abf9-7828c172518c,done
44007010501,cdabf8b5-1e8b-47aa-b94d-a14fa49550ef,done
44007015600,7c1296d0-2d3b-4cf6-8725-b3dcd5b88b2e,done
44007012900,3ad9bafb-7450-483e-894f-f6bdc944dc65,done
44007018400,e530e356-6203-478f-b461-046997568470,done
44007013101,ee44f329-f92a-415d-a800-c12c2605aef2,done
44007000200,32b0a49f-e0e6-4d21-bd6e-27e333d20f7f,done
44007000400,66b38569-1dce-4f1b-994f-c4736219195b,done
44007000102,c15e57d8-98da-4519-b01e-d97403643c3b,done
44007000500,b93f40f2-b72a-4acc-a82f-f83704e159fb,done
44007000600,6e6bb914-a2d2-4c2e-ab94-361e4e99096d,done
44007000700,5253f079-0dbc-4648-82ba-0dd4e3cca8a6,done
44007000800,533eabd1-6662-419c-b6df-3ff92a9c3293,done
44007000900,3ca3c4ae-603f-4f5d-afcb-64a3773ac6db,done
44007001000,853ab2dc-300c-4aef-a7ca-8351ce33c24c,done
44007001100,746cd91c-87ce-4104-876f-e7e8dc8bc044,done
44007001200,680a47b4-e8cf-41c2-a042-5de015932bc7,done
44007001300,c26437e5-e251-4f99-920e-6656d4b604a0,done
44007001500,ad8fbe10-60cd-4304-a66a-615e66590c0a,done
44005041702,7524b41e-1704-4556-a253-5149cad29c3e,done
44007001900,bc4456d8-a388-453d-a4d1-8e24b715484b,done
44007002200,d455f68f-0707-4d13-b70f-6f8c57875d05,done
44007002300,01f8aedf-7c1b-4cab-a513-9eed0d2f3569,done
44007002500,8061e1df-2d19-41d4-a9ba-c31042a54e5d,done
44007002600,1590fb3a-6807-4a85-aab6-583cbc1a9b04,done
44007002700,9609f496-c8ed-40e0-8d49-7a3c0f1f63f9,done
44005041701,7be6c15e-f046-40db-96e9-0676341010c2,done
44007003100,797e6b17-f9a3-4f59-bfbf-e88f0ac8de84,done
44007003300,c19b9767-598d-4fa8-a0bf-c74daf5f788f,done
44007003400,4722944d-9d91-4d12-8c4d-c29174feebac,done
44007003500,03b6f49e-4228-416e-a24c-82ac9c915e1c,done
44007003602,0818df3f-02fa-4d7d-b971-d4a52b4640c8,done
44007003700,e6bc4748-1a03-439e-86af-8601692dc194,done
44007010101,7d53b408-3f3b-486a-9871-d9260508355f,done
44007010200,d4185603-5b77-43de-a72c-82bd9745c60c,done
44007002900,2e5fea3c-1eb6-4636-82ab-3adb2b6c676f,done
44007010400,9fa39065-b08c-4ff7-96d9-de7379979b85,done
44007014700,b707a456-1880-4351-8f6b-7c761f32a792,done
44007001800,ce97b559-9b63-4a1a-9b10-b57e04681e58,done
44007002400,869f95b8-b3c1-4d2d-9bc6-64c5ea286073,done
44007001400,0c9430ac-96fd-4dd8-ab5f-88357990fd35,done
